order,damping,switch_scale,dwell_scale,exact_error,theory_bound,bound_utilization,pass
0.5,0.25,0.5,0.0625,4.135021780679022,6.162772381857966,0.6709677924908832,1
0.5,0.25,0.5,0.25,3.056877646148285,4.925522753555834,0.6206199421049194,1
0.5,0.25,0.5,1.0,1.928005912140344,3.420668609260004,0.5636342283847926,1
0.5,0.25,0.5,4.0,1.0710538236288718,2.0431654104636365,0.524212977639352,1
0.5,0.25,0.5,16.0,0.5559181503063277,1.095995661008114,0.5072265977722809,1
0.5,0.25,2.0,0.0625,4.833357914965352,6.162772381857966,0.7842830491669369,1
0.5,0.25,2.0,0.25,3.6391810877288355,4.925522753555834,0.7388415950574256,1
0.5,0.25,2.0,1.0,2.2713036111394884,3.420668609260004,0.6639940522127461,1
0.5,0.25,2.0,4.0,1.184660054183521,2.0431654104636365,0.579816028656582,1
0.5,0.25,2.0,16.0,0.5777611464086657,1.095995661008114,0.5271564176424128,1
0.5,0.25,8.0,0.0625,5.410135604013711,6.162772381857966,0.8778736693148241,1
0.5,0.25,8.0,0.25,4.180665632889052,4.925522753555834,0.8487760268432311,1
0.5,0.25,8.0,1.0,2.704664004541489,3.420668609260004,0.7906828499024322,1
0.5,0.25,8.0,4.0,1.416001534445101,2.0431654104636365,0.6930430239242259,1
0.5,0.25,8.0,16.0,0.6443888059006584,1.095995661008114,0.5879483184339794,1
0.5,1.0,0.5,0.0625,1.0337554451691995,1.5406930954623883,0.6709677924914383,1
0.5,1.0,0.5,0.25,0.764219411532765,1.2313806883830998,0.6206199421043751,1
0.5,1.0,0.5,1.0,0.4820014780330547,0.8551671523112438,0.5636342283848936,1
0.5,1.0,0.5,4.0,0.2677634559096975,0.5107913526206349,0.5242129776393565,1
0.5,1.0,0.5,16.0,0.13897953757700837,0.27399891525051856,0.5072265977766324,1
0.5,1.0,2.0,0.0625,1.2083394787413568,1.5406930954623883,0.7842830491680197,1
0.5,1.0,2.0,0.25,0.9097952719289445,1.2313806883830998,0.73884159505829,1
0.5,1.0,2.0,1.0,0.5678259027779673,0.8551671523112438,0.663994052207589,1
0.5,1.0,2.0,4.0,0.2961650135509909,0.5107913526206349,0.579816028661223,1
0.5,1.0,2.0,16.0,0.14444028660207997,0.27399891525051856,0.5271564176450023,1
0.5,1.0,8.0,0.0625,1.3525339010021393,1.5406930954623883,0.8778736693151862,1
0.5,1.0,8.0,0.25,1.045166408217353,1.2313806883830998,0.8487760268432821,1
0.5,1.0,8.0,1.0,0.6761660011299548,0.8551671523112438,0.790682849899571,1
0.5,1.0,8.0,4.0,0.35400038361718134,0.5107913526206349,0.6930430239293767,1
0.5,1.0,8.0,16.0,0.16109720147416126,0.27399891525051856,0.5879483184335577,1
0.5,4.0,0.5,0.0625,0.258438861292343,0.38517327386563954,0.6709677924914763,1
0.5,4.0,0.5,0.25,0.19105485288386878,0.30784517209644263,0.62061994210523,1
0.5,4.0,0.5,1.0,0.12050036950843787,0.2137917880779252,0.5636342283854072,1
0.5,4.0,0.5,4.0,0.06694086397766748,0.1276978381554547,0.524212977640045,1
0.5,4.0,0.5,16.0,0.034744884393906085,0.0684997288125289,0.5072265977723271,1
0.5,4.0,2.0,0.0625,0.30208486968540527,0.38517327386563954,0.7842830491681048,1
0.5,4.0,2.0,0.25,0.22744881798285235,0.30784517209644263,0.7388415950586892,1
0.5,4.0,2.0,1.0,0.14195647569455033,0.2137917880779252,0.6639940522075078,1
0.5,4.0,2.0,4.0,0.07404125338787099,0.1276978381554547,0.5798160286608443,1
0.5,4.0,2.0,16.0,0.03611007165031017,0.0684997288125289,0.5271564176427145,1
0.5,4.0,8.0,0.0625,0.33813347525050585,0.38517327386563954,0.8778736693150142,1
0.5,4.0,8.0,0.25,0.261291602054937,0.30784517209644263,0.8487760268433862,1
0.5,4.0,8.0,1.0,0.1690415002825345,0.2137917880779252,0.7906828498993628,1
0.5,4.0,8.0,4.0,0.08850009590468977,0.1276978381554547,0.693043023930859,1
0.5,4.0,8.0,16.0,0.040274300368499265,0.0684997288125289,0.587948318433823,1
0.7,0.25,0.5,0.0625,4.77274897799081,6.858493432840071,0.6958888310861059,1
0.7,0.25,0.5,0.25,3.5782394188412026,5.4208601987771825,0.6600870134316263,1
0.7,0.25,0.5,1.0,1.92922131897393,3.196895824925153,0.6034670582420676,1
0.7,0.25,0.5,4.0,0.6911086108040837,1.271522063811655,0.543528602824508,1
0.7,0.25,0.5,16.0,0.21957300146441586,0.42908793356351066,0.5117202892211281,1
0.7,0.25,2.0,0.0625,5.827433021536581,6.858493432840071,0.8496666328545958,1
0.7,0.25,2.0,0.25,4.44966755620313,5.4208601987771825,0.8208415994950155,1
0.7,0.25,2.0,1.0,2.406923984301791,3.196895824925153,0.7528940935565652,1
0.7,0.25,2.0,4.0,0.8083256987815924,1.271522063811655,0.6357150393115996,1
0.7,0.25,2.0,16.0,0.23312820926128378,0.42908793356351066,0.5433110349321387,1
0.7,0.25,8.0,0.0625,6.49176334268274,6.858493432840071,0.9465290600992134,1
0.7,0.25,8.0,0.25,5.060731192375484,5.4208601987771825,0.9335660774865703,1
0.7,0.25,8.0,1.0,2.8606708650106647,3.196895824925153,0.8948276771194569,1
0.7,0.25,8.0,4.0,1.003283529650189,1.271522063811655,0.7890413844983826,1
0.7,0.25,8.0,16.0,0.27170274508837905,0.42908793356351066,0.6332099409832588,1
0.7,1.0,0.5,0.0625,1.1931872444973908,1.7146233582097652,0.6958888310860265,1
0.7,1.0,0.5,0.25,0.8945598547103806,1.3552150496943038,0.6600870134316813,1
0.7,1.0,0.5,1.0,0.4823053297433972,0.7992239562312763,0.6034670582419699,1
0.7,1.0,0.5,4.0,0.17277715270112703,0.3178805159532431,0.5435286028242786,1
0.7,1.0,0.5,16.0,0.05489325036600042,0.10727198339051944,0.5117202892218717,1
0.7,1.0,2.0,0.0625,1.456858255383778,1.7146233582097652,0.8496666328545067,1
0.7,1.0,2.0,0.25,1.1124168890506674,1.3552150496943038,0.8208415994949255,1
0.7,1.0,2.0,1.0,0.6017309960752925,0.7992239562312763,0.7528940935563823,1
0.7,1.0,2.0,4.0,0.20208142469531104,0.3178805159532431,0.635715039310667,1
0.7,1.0,2.0,16.0,0.0582820523150574,0.10727198339051944,0.5433110349314964,1
0.7,1.0,8.0,0.0625,1.6229408356704618,1.7146233582097652,0.9465290600992227,1
0.7,1.0,8.0,0.25,1.2651827980930586,1.3552150496943038,0.9335660774859651,1
0.7,1.0,8.0,1.0,0.7151677162530188,0.7992239562312763,0.8948276771199115,1
0.7,1.0,8.0,4.0,0.25082088241314093,0.3178805159532431,0.7890413844994326,1
0.7,1.0,8.0,16.0,0.06792568627162712,0.10727198339051944,0.6332099409810139,1
0.7,4.0,0.5,0.0625,0.2982968111245761,0.4286558395526018,0.6958888310862988,1
0.7,4.0,0.5,0.25,0.22363996367765565,0.33880376242363136,0.6600870134317519,1
0.7,4.0,0.5,1.0,0.12057633243586867,0.19980598905781657,0.6034670582420744,1
0.7,4.0,0.5,4.0,0.04319428817528029,0.07947012898830856,0.5435286028242753,1
0.7,4.0,0.5,16.0,0.013723312591485182,0.026817995847637943,0.511720289221161,1
0.7,4.0,2.0,0.0625,0.36421456384610534,0.4286558395526018,0.8496666328545639,1
0.7,4.0,2.0,0.25,0.278104222262724,0.33880376242363136,0.82084159949496,1
0.7,4.0,2.0,1.0,0.15043274901882342,0.19980598905781657,0.7528940935563931,1
0.7,4.0,2.0,4.0,0.050520356173828926,0.07947012898830856,0.6357150393106994,1
0.7,4.0,2.0,16.0,0.014570513078792464,0.026817995847637943,0.5433110349323809,1
0.7,4.0,8.0,0.0625,0.40573520891773757,0.4286558395526018,0.9465290600991532,1
0.7,4.0,8.0,0.25,0.3162956995234906,0.33880376242363136,0.9335660774864795,1
0.7,4.0,8.0,1.0,0.1787919290632488,0.19980598905781657,0.8948276771198932,1
0.7,4.0,8.0,4.0,0.06270522060329155,0.07947012898830856,0.7890413844995341,1
0.7,4.0,8.0,16.0,0.0169814215679278,0.026817995847637943,0.6332099409816068,1
0.9,0.25,0.5,0.0625,5.146685294475102,7.345423647798561,0.7006655492250028,1
0.9,0.25,0.5,0.25,4.1047395060392,5.9631621639366506,0.6883494684855944,1
0.9,0.25,0.5,1.0,1.9863290183647877,3.008528171397088,0.6602328132571165,1
0.9,0.25,0.5,4.0,0.3019158593551326,0.5154849274994496,0.5856928946878955,1
0.9,0.25,0.5,16.0,0.04190276583955946,0.08119231314669229,0.5160927705539394,1
0.9,0.25,2.0,0.0625,6.649593058592708,7.345423647798561,0.9052701896350941,1
0.9,0.25,2.0,0.25,5.344485567196068,5.9631621639366506,0.8962502478161425,1
0.9,0.25,2.0,1.0,2.602581748975205,3.008528171397088,0.8650680999827993,1
0.9,0.25,2.0,4.0,0.3784712492997738,0.5154849274994496,0.7342042979523934,1
0.9,0.25,2.0,16.0,0.045339179267625436,0.08119231314669229,0.5584171396337724,1
0.9,0.25,8.0,0.0625,7.254821705483017,7.345423647798561,0.9876655252767214,1
0.9,0.25,8.0,0.25,5.8752501920441045,5.9631621639366506,0.9852574909962687,1
0.9,0.25,8.0,1.0,2.929896358737155,3.008528171397088,0.973863694078883,1
0.9,0.25,8.0,4.0,0.4597592292685604,0.5154849274994496,0.8918965516582467,1
0.9,0.25,8.0,16.0,0.054475884089159626,0.08119231314669229,0.6709487878579912,1
0.9,1.0,0.5,0.0625,1.2866713236187308,1.836355911949632,0.7006655492249816,1
0.9,1.0,0.5,0.25,1.0261848765098007,1.4907905409841813,0.6883494684855862,1
0.9,1.0,0.5,1.0,0.4965822545912143,0.7521320428492977,0.660232813257117,1
0.9,1.0,0.5,4.0,0.07547896483878362,0.128871231874862,0.5856928946879011,1
0.9,1.0,0.5,16.0,0.010475691459881743,0.020298078286670535,0.5160927705536037,1
0.9,1.0,2.0,0.0625,1.6623982646481619,1.836355911949632,0.90527018963509,1
0.9,1.0,2.0,0.25,1.3361213917990287,1.4907905409841813,0.8962502478161392,1
0.9,1.0,2.0,1.0,0.6506454372438271,0.7521320428492977,0.8650680999828042,1
0.9,1.0,2.0,4.0,0.09461781232494429,0.128871231874862,0.7342042979524023,1
0.9,1.0,2.0,16.0,0.011334794816897163,0.020298078286670535,0.5584171396333891,1
0.9,1.0,8.0,0.0625,1.813705426370746,1.836355911949632,0.9876655252767214,1
0.9,1.0,8.0,0.25,1.468812548011049,1.4907905409841813,0.9852574909962717,1
0.9,1.0,8.0,1.0,0.7324740896843174,0.7521320428492977,0.9738636940788878,1
0.9,1.0,8.0,4.0,0.11493980731713645,0.128871231874862,0.8918965516582211,1
0.9,1.0,8.0,16.0,0.013618971022320259,0.020298078286670535,0.6709487878595704,1
0.9,4.0,0.5,0.0625,0.3216678309046819,0.4590889779874071,0.7006655492249811,1
0.9,4.0,0.5,0.25,0.25654621912744585,0.3726976352460376,0.6883494684855889,1
0.9,4.0,0.5,1.0,0.12414556364779994,0.1880330107123214,0.6602328132571084,1
0.9,4.0,0.5,4.0,0.01886974120969617,0.03221780796871592,0.5856928946879015,1
0.9,4.0,0.5,16.0,0.002618922864973823,0.005074519571670908,0.5160927705539383,1
0.9,4.0,2.0,0.0625,0.4155995661620395,0.4590889779874071,0.9052701896350897,1
0.9,4.0,2.0,0.25,0.3340303479497494,0.3726976352460376,0.8962502478161368,1
0.9,4.0,2.0,1.0,0.1626613593109536,0.1880330107123214,0.8650680999828013,1
0.9,4.0,2.0,4.0,0.023654453081236447,0.03221780796871592,0.7342042979524043,1
0.9,4.0,2.0,16.0,0.0028336987041032513,0.005074519571670908,0.5584171396091764,1
0.9,4.0,8.0,0.0625,0.4534263565926856,0.4590889779874071,0.9876655252767214,1
0.9,4.0,8.0,0.25,0.3672031370027545,0.3726976352460376,0.9852574909962712,1
0.9,4.0,8.0,1.0,0.18311852242107635,0.1880330107123214,0.9738636940788875,1
0.9,4.0,8.0,4.0,0.028734951829285055,0.03221780796871592,0.8918965516582388,1
0.9,4.0,8.0,16.0,0.0034047427555707298,0.005074519571670908,0.6709487878572978,1
0.97,0.25,0.5,0.0625,5.21552513226062,7.468888218405209,0.6983000655182201,1
0.97,0.25,0.5,0.25,4.273063527004412,6.151361749577553,0.6946532655631683,1
0.97,0.25,0.5,1.0,2.028170201443366,2.9599443337537807,0.6852055217103541,1
0.97,0.25,0.5,4.0,0.1625177599238652,0.2564418078981021,0.6337412813297669,1
0.97,0.25,0.5,16.0,0.009979463324951936,0.01929131879999681,0.5173033232416223,1
0.97,0.25,2.0,0.0625,6.902544541758798,7.468888218405209,0.9241729612111748,1
0.97,0.25,2.0,0.25,5.668872488460097,6.151361749577553,0.9215638291552937,1
0.97,0.25,2.0,1.0,2.697413246558798,2.9599443337537807,0.9113053971315593,1
0.97,0.25,2.0,4.0,0.2113912373973896,0.2564418078981021,0.8243243920717737,1
0.97,0.25,2.0,16.0,0.010851710648582952,0.01929131879999681,0.5625178227102207,1
0.97,0.25,8.0,0.0625,7.444447275308386,7.468888218405209,0.9967276330315676,1
0.97,0.25,8.0,0.25,6.127879298333335,6.151361749577553,0.9961825605125839,1
0.97,0.25,8.0,1.0,2.939587503657202,2.9599443337537807,0.9931225631967334,1
0.97,0.25,8.0,4.0,0.24281966093107418,0.2564418078981021,0.946880163267135,1
0.97,0.25,8.0,16.0,0.013133106014674418,0.01929131879999681,0.6807780303063878,1
0.97,1.0,0.5,0.0625,1.303881283065098,1.8672220546012388,0.6983000655182134,1
0.97,1.0,0.5,0.25,1.0682658817510913,1.5378404373943717,0.6946532655631682,1
0.97,1.0,0.5,1.0,0.5070425503608336,0.7399860834384375,0.6852055217103505,1
0.97,1.0,0.5,4.0,0.04062943998096566,0.06411045197452697,0.6337412813297427,1
0.97,1.0,0.5,16.0,0.0024948658312422796,0.004822829700003735,0.5173033232420269,1
0.97,1.0,2.0,0.0625,1.7256361354396357,1.8672220546012388,0.9241729612111721,1
0.97,1.0,2.0,0.25,1.417218122115007,1.5378404373943717,0.9215638291552926,1
0.97,1.0,2.0,1.0,0.6743533116396916,0.7399860834384375,0.9113053971315581,1
0.97,1.0,2.0,4.0,0.05284780934935434,0.06411045197452697,0.8243243920718634,1
0.97,1.0,2.0,16.0,0.0027129276621480876,0.004822829700003735,0.5625178227101791,1
0.97,1.0,8.0,0.0625,1.8611118188270321,1.8672220546012388,0.996727633031567,1
0.97,1.0,8.0,0.25,1.5319698245833164,1.5378404373943717,0.9961825605125834,1
0.97,1.0,8.0,1.0,0.7348968759142925,0.7399860834384375,0.9931225631967329,1
0.97,1.0,8.0,4.0,0.060704915232769635,0.06411045197452697,0.9468801632671306,1
0.97,1.0,8.0,16.0,0.003283276503666009,0.004822829700003735,0.6807780303052098,1
0.97,4.0,0.5,0.0625,0.32597032076628996,0.4668055136503267,0.6983000655182211,1
0.97,4.0,0.5,0.25,0.26706647043777687,0.3844601093485982,0.6946532655631692,1
0.97,4.0,0.5,1.0,0.1267606375902102,0.18499652085961116,0.6852055217103538,1
0.97,4.0,0.5,4.0,0.010157359995241505,0.016027612993631885,0.6337412813297427,1
0.97,4.0,0.5,16.0,0.0006237164578095018,0.001205707424999932,0.5173033232415707,1
0.97,4.0,2.0,0.0625,0.43140903385992596,0.4668055136503267,0.924172961211175,1
0.97,4.0,2.0,0.25,0.3543045305287571,0.3844601093485982,0.9215638291552938,1
0.97,4.0,2.0,1.0,0.1685883279099247,0.18499652085961116,0.9113053971315591,1
0.97,4.0,2.0,4.0,0.013211952337338606,0.016027612993631885,0.8243243920718574,1
0.97,4.0,2.0,16.0,0.0006782319155366409,0.001205707424999932,0.5625178227103306,1
0.97,4.0,8.0,0.0625,0.46527795470677524,0.4668055136503267,0.9967276330315676,1
0.97,4.0,8.0,0.25,0.38299245614583455,0.3844601093485982,0.9961825605125839,1
0.97,4.0,8.0,1.0,0.18372421897857505,0.18499652085961116,0.9931225631967338,1
0.97,4.0,8.0,4.0,0.015176228808192676,0.016027612993631885,0.9468801632671389,1
0.97,4.0,8.0,16.0,0.0008208191259155421,0.001205707424999932,0.6807780303049791,1
1.0,0.25,0.5,0.0625,5.236173203584114,7.5153045025078065,0.6967346701436833,1
1.0,0.25,0.5,0.25,4.340940053607181,6.230406264571239,0.6967346701436834,1
1.0,0.25,0.5,1.0,2.0505148887778195,2.9430355293715387,0.6967346701436834,1
1.0,0.25,0.5,4.0,0.1020891249569042,0.14652511110987343,0.6967346701436832,1
1.0,0.25,0.5,16.0,6.272572627006781e-07,9.002813977540729e-07,0.6967346701436833,1
1.0,0.25,2.0,0.0625,7.006761570779664,7.5153045025078065,0.9323323583816937,1
1.0,0.25,2.0,0.25,5.808809366323782,6.230406264571239,0.9323323583816937,1
1.0,0.25,2.0,1.0,2.743887255900083,2.9430355293715387,0.9323323583816936,1
1.0,0.25,2.0,4.0,0.136610102403208,0.14652511110987343,0.9323323583816937,1
1.0,0.25,2.0,16.0,8.393614787752224e-07,9.002813977540729e-07,0.9323323583816937,1
1.0,0.25,8.0,0.0625,7.514043950608857,7.5153045025078065,0.9998322686860488,1
1.0,0.25,8.0,0.25,6.2293612303420325,6.230406264571239,0.9998322686860488,1
1.0,0.25,8.0,1.0,2.942541890155192,2.9430355293715387,0.9998322686860488,1
1.0,0.25,8.0,4.0,0.1465005342604601,0.14652511110987343,0.9998322686860487,1
1.0,0.25,8.0,16.0,9.001303923723018e-07,9.002813977540729e-07,0.9998322686860488,1
1.0,1.0,0.5,0.0625,1.3090433008960285,1.8788261256269516,0.6967346701436833,1
1.0,1.0,0.5,0.25,1.0852350134017952,1.5576015661428098,0.6967346701436834,1
1.0,1.0,0.5,1.0,0.5126287221944549,0.7357588823428847,0.6967346701436834,1
1.0,1.0,0.5,4.0,0.02552228123922605,0.03663127777746836,0.6967346701436832,1
1.0,1.0,0.5,16.0,1.5681431567516953e-07,2.2507034943851823e-07,0.6967346701436833,1
1.0,1.0,2.0,0.0625,1.751690392694916,1.8788261256269516,0.9323323583816937,1
1.0,1.0,2.0,0.25,1.4522023415809455,1.5576015661428098,0.9323323583816937,1
1.0,1.0,2.0,1.0,0.6859718139750207,0.7357588823428847,0.9323323583816936,1
1.0,1.0,2.0,4.0,0.034152525600802,0.03663127777746836,0.9323323583816937,1
1.0,1.0,2.0,16.0,2.098403696938056e-07,2.2507034943851823e-07,0.9323323583816937,1
1.0,1.0,8.0,0.0625,1.8785109876522144,1.8788261256269516,0.9998322686860488,1
1.0,1.0,8.0,0.25,1.5573403075855081,1.5576015661428098,0.9998322686860488,1
1.0,1.0,8.0,1.0,0.735635472538798,0.7357588823428847,0.9998322686860488,1
1.0,1.0,8.0,4.0,0.03662513356511503,0.03663127777746836,0.9998322686860487,1
1.0,1.0,8.0,16.0,2.2503259809307545e-07,2.2507034943851823e-07,0.9998322686860488,1
1.0,4.0,0.5,0.0625,0.3272608252240071,0.4697065314067379,0.6967346701436833,1
1.0,4.0,0.5,0.25,0.2713087533504488,0.38940039153570244,0.6967346701436834,1
1.0,4.0,0.5,1.0,0.12815718054861372,0.18393972058572117,0.6967346701436834,1
1.0,4.0,0.5,4.0,0.006380570309806512,0.00915781944436709,0.6967346701436832,1
1.0,4.0,0.5,16.0,3.9203578918792383e-08,5.626758735962956e-08,0.6967346701436833,1
1.0,4.0,2.0,0.0625,0.437922598173729,0.4697065314067379,0.9323323583816937,1
1.0,4.0,2.0,0.25,0.3630505853952364,0.38940039153570244,0.9323323583816937,1
1.0,4.0,2.0,1.0,0.17149295349375518,0.18393972058572117,0.9323323583816936,1
1.0,4.0,2.0,4.0,0.0085381314002005,0.00915781944436709,0.9323323583816937,1
1.0,4.0,2.0,16.0,5.24600924234514e-08,5.626758735962956e-08,0.9323323583816937,1
1.0,4.0,8.0,0.0625,0.4696277469130536,0.4697065314067379,0.9998322686860488,1
1.0,4.0,8.0,0.25,0.38933507689637703,0.38940039153570244,0.9998322686860488,1
1.0,4.0,8.0,1.0,0.1839088681346995,0.18393972058572117,0.9998322686860488,1
1.0,4.0,8.0,4.0,0.009156283391278757,0.00915781944436709,0.9998322686860487,1
1.0,4.0,8.0,16.0,5.625814952326886e-08,5.626758735962956e-08,0.9998322686860488,1
