order,segment,frequency,time_since_switch,absolute_time,actual_error,theory_bound,bound_utilization,implicit_oracle_error,pece_oracle_error,pass
0.5,0,0.8,1.0,1.0,0.3237508795752944,1.1399913122091168,0.2839941639098268,0.00010203349560737199,0.0003710934763190454,1
0.5,0,0.8,2.0,2.0,0.23844961104839366,0.9328036808186895,0.255626790450821,5.605809755565991e-05,0.0003748785417192825,1
0.5,0,0.8,5.0,5.0,0.14829354202869005,0.6746016118881741,0.2198238774046571,2.6286566193899364e-05,0.0003390233581951568,1
0.5,0,0.8,10.0,10.0,0.10093554894834032,0.5079737286642844,0.19870230142363876,1.487502536230134e-05,0.00035344208751831994,1
0.5,0,0.8,20.0,20.0,0.06883208745057064,0.3731835721879323,0.18444565243592057,1.3681026904463512e-05,0.00034848140201607656,1
0.5,0,0.8,demodulated_last_half,20.0,0.016613652381617116,0.5079737286642844,0.03270573150564828,nan,nan,1
0.5,1,1.4,1.0,21.0,0.08921781867358484,2.090355744554705,0.042680686723297584,3.471624660486371e-05,0.0005878937249937317,1
0.5,1,1.4,2.0,22.0,0.08133300323567225,1.7104442041427057,0.04755080758476848,2.9982190349676412e-05,0.0005908169113153777,1
0.5,1,1.4,5.0,25.0,0.06967412517535296,1.2369895626341698,0.05632555623750121,3.267758112241846e-05,0.0005825810799816064,1
0.5,1,1.4,10.0,30.0,0.059825365125069765,0.9314507842507821,0.06422815476309963,3.120292715500856e-05,0.0005845135817514885,1
0.5,1,1.4,20.0,40.0,0.04946490555835448,0.6842915516477138,0.07228630170757967,3.0033909559322616e-05,0.0005861745856907312,1
0.5,1,1.4,demodulated_last_half,40.0,0.0053900863060744215,0.9314507842507821,0.005786764472381618,nan,nan,1
0.5,2,2.3,1.0,41.0,0.056206273684915396,2.090355744554705,0.026888377172799672,8.378407355156135e-05,0.0009096002215110625,1
0.5,2,2.3,2.0,42.0,0.04201340769515678,1.7104442041427057,0.02456286360782776,7.320866676487257e-05,0.0008986580187504978,1
0.5,2,2.3,5.0,45.0,0.03939208313689282,1.2369895626341698,0.031845121678316636,7.459314313165058e-05,0.0008985889893414306,1
0.5,2,2.3,10.0,50.0,0.03986044059927389,0.9314507842507821,0.04279393100874983,7.635728967713342e-05,0.0008993449690101521,1
0.5,2,2.3,20.0,60.0,0.037663369402547615,0.6842915516477138,0.05503994505245248,7.655273817676287e-05,0.0008996408016930452,1
0.5,2,2.3,demodulated_last_half,60.0,0.002968123275948915,0.9314507842507821,0.0031865594255056024,nan,nan,1
0.7,0,0.8,1.0,1.0,0.41455155766067203,1.1003623749214555,0.3767409419921896,4.9139538863647604e-05,0.00015498978604602204,1
0.7,0,0.8,2.0,2.0,0.2618363421657343,0.7833925984780609,0.33423387286836503,3.310081790480463e-05,0.00016548495557802922,1
0.7,0,0.8,5.0,5.0,0.11487113564348629,0.42767226635396544,0.2685961767472023,1.7905903490700632e-05,0.00014274189027443956,1
0.7,0,0.8,10.0,10.0,0.05656303706888203,0.2507473986235733,0.2255777622395019,1.4123622130908266e-05,0.0001515480991556885,1
0.7,0,0.8,20.0,20.0,0.028625672308308182,0.14521010056454986,0.19713279032943917,1.3616201588882006e-05,0.00014953167963459315,1
0.7,0,0.8,demodulated_last_half,20.0,0.008565704914531841,0.2507473986235733,0.03416069303829883,nan,nan,1
0.7,1,1.4,1.0,21.0,0.11041601855374983,2.0176897726102934,0.05472398187899034,4.113928521224717e-05,0.00024219351802610815,1
0.7,1,1.4,2.0,22.0,0.07185736009281855,1.436475173917695,0.05002339156119361,3.807220125226851e-05,0.0002465348931777288,1
0.7,1,1.4,5.0,25.0,0.03679218762356924,0.7842052559394866,0.04691652771377028,3.658856431035554e-05,0.0002376255037707459,1
0.7,1,1.4,10.0,30.0,0.024212284077413708,0.4597853154943924,0.05265997686633166,3.6221406472872814e-05,0.00023959257584314883,1
0.7,1,1.4,20.0,40.0,0.016834178215386866,0.26626586065314906,0.0632231941943015,3.585829611831949e-05,0.00024038985070265118,1
0.7,1,1.4,demodulated_last_half,40.0,0.0021635675726087837,0.4597853154943924,0.0047056038975111,nan,nan,1
0.7,2,2.3,1.0,41.0,0.07201306071144635,2.0176897726102934,0.035690848855462434,9.370269101139703e-05,0.0003558040714800406,1
0.7,2,2.3,2.0,42.0,0.03763324983486778,1.436475173917695,0.026198329437348167,7.8107184239977e-05,0.00034473719021632074,1
0.7,2,2.3,5.0,45.0,0.011929421956283848,0.7842052559394866,0.015212116809893435,8.064192520214563e-05,0.00034341710809527985,1
0.7,2,2.3,10.0,50.0,0.010662283341216721,0.4597853154943924,0.02318969958784332,8.206592517233925e-05,0.00034429074704641336,1
0.7,2,2.3,20.0,60.0,0.010510027028707456,0.26626586065314906,0.039471928556392484,8.234181614070469e-05,0.0003439832676020979,1
0.7,2,2.3,demodulated_last_half,60.0,0.0008459608471751774,0.4597853154943924,0.0018399040131708924,nan,nan,1
0.9,0,0.8,1.0,1.0,0.5521772908265329,1.0780860228451292,0.5121829604740689,2.3052887035466156e-05,6.87862140491418e-05,1
0.9,0,0.8,2.0,2.0,0.2959918377674457,0.6211398076247131,0.4765301372316508,2.642292383374506e-05,7.918610075947693e-05,1
0.9,0,0.8,5.0,5.0,0.06870747990501001,0.1840126067103739,0.37338463452752424,1.7236032786230544e-05,6.892550581838247e-05,1
0.9,0,0.8,10.0,10.0,0.01680744713990412,0.06288307324576034,0.26728094338228453,1.6838423653749025e-05,7.31309214409504e-05,1
0.9,0,0.8,20.0,20.0,0.00556479577708016,0.026549799461098308,0.2095984109120633,1.653585914828888e-05,7.280976262901471e-05,1
0.9,0,0.8,demodulated_last_half,20.0,0.002294735128550903,0.06288307324576034,0.036492095727932904,nan,nan,1
0.9,1,1.4,1.0,21.0,0.17537159563699972,1.9768425310289208,0.08871298188112185,4.809119643138351e-05,0.00011497953065675447,1
0.9,1,1.4,2.0,22.0,0.09306211048250045,1.1389588246280846,0.08170805517301201,4.7102256769279305e-05,0.00012155156278430237,1
0.9,1,1.4,5.0,25.0,0.020045708579455018,0.3374164393955981,0.05940940108123413,4.294940716813132e-05,0.00011138234763053426,1
0.9,1,1.4,10.0,30.0,0.005391044159489953,0.11530613609660297,0.04675418275202076,4.2815812532352933e-05,0.00011333039183352862,1
0.9,1,1.4,20.0,40.0,0.0027619055275874597,0.048683288395185396,0.05673210702546959,4.271546093532086e-05,0.0001135960091977595,1
0.9,1,1.4,demodulated_last_half,40.0,0.0005011704094587745,0.11530613609660297,0.004346433125110499,nan,nan,1
0.9,2,2.3,1.0,41.0,0.11812774294442083,1.9768425310289208,0.05975576763968998,0.00010378666890261541,0.00017017325907525354,1
0.9,2,2.3,2.0,42.0,0.060294737377152574,1.1389588246280846,0.05293846983172654,8.311957004453134e-05,0.000158996038866856,1
0.9,2,2.3,5.0,45.0,0.010932131635499746,0.3374164393955981,0.03239952284210597,8.558423075530256e-05,0.00015663134386598903,1
0.9,2,2.3,10.0,50.0,0.001572492025106649,0.11530613609660297,0.013637539842539015,8.684743063667952e-05,0.0001572322556205979,1
0.9,2,2.3,20.0,60.0,0.0013949647158269622,0.048683288395185396,0.028653872033116794,8.692131058881231e-05,0.00015699501291521924,1
0.9,2,2.3,demodulated_last_half,60.0,0.00014288052017764715,0.11530613609660297,0.0012391406477964234,nan,nan,1
0.97,0,0.8,1.0,1.0,0.6175095646874295,1.0761259887622405,0.5738264581805042,2.0202192240125637e-05,5.379610318793557e-05,1
0.97,0,0.8,2.0,2.0,0.3133781196578193,0.5608847090921745,0.5587210964710387,2.6603024604456475e-05,6.2686257705532e-05,1
0.97,0,0.8,5.0,5.0,0.048496490387713635,0.1007018141924337,0.48158507149673035,1.836212692932173e-05,5.5752167754739046e-05,1
0.97,0,0.8,10.0,10.0,0.005343641312060357,0.017741226466447737,0.30119909252983545,1.8427013342403986e-05,5.8781595554119846e-05,1
0.97,0,0.8,20.0,20.0,0.001317641138134362,0.006190830929815108,0.21283752586241506,1.8243329770715453e-05,5.869685534783732e-05,1
0.97,0,0.8,demodulated_last_half,20.0,0.0006605516743052706,0.017741226466447737,0.037232582288181035,nan,nan,1
0.97,1,1.4,1.0,21.0,0.20937329310857886,1.9732484961789973,0.10610589265062649,5.080354464963312e-05,9.368550727764066e-05,1
0.97,1,1.4,2.0,22.0,0.10586353191346566,1.028471498972837,0.10293287856707212,5.108606784823588e-05,0.00010101457188336197,1
0.97,1,1.4,5.0,25.0,0.015560149520223242,0.1846528245696142,0.084267053896904,4.596813216968042e-05,9.0275529827009e-05,1
0.97,1,1.4,10.0,30.0,0.0015461473012634275,0.03253136603972834,0.047527893522061854,4.581945179516188e-05,9.211256405209515e-05,1
0.97,1,1.4,20.0,40.0,0.000627226788678593,0.01135187510563422,0.05525314389402369,4.577640948205279e-05,9.22460508949653e-05,1
0.97,1,1.4,demodulated_last_half,40.0,0.00017151089477543413,0.03253136603972834,0.005272170082436119,nan,nan,1
0.97,2,2.3,1.0,41.0,0.1397796098428366,1.9732484961789973,0.07083730716810688,0.00010724057633303803,0.00014317801962856772,1
0.97,2,2.3,2.0,42.0,0.06996307497856544,1.028471498972837,0.06802626523772365,8.524116160906462e-05,0.00013126538508896702,1
0.97,2,2.3,5.0,45.0,0.0099460786669612,0.1846528245696142,0.05386366924060522,8.721358298453793e-05,0.000128658482028196,1
0.97,2,2.3,10.0,50.0,0.0006230796965205398,0.03253136603972834,0.019153198047681584,8.823321950207844e-05,0.00012911294908157922,1
0.97,2,2.3,20.0,60.0,0.0002967885813009501,0.01135187510563422,0.026144454421776233,8.825557705460401e-05,0.0001289876768086082,1
0.97,2,2.3,demodulated_last_half,60.0,8.36225125584238e-05,0.03253136603972834,0.0025705195550749797,nan,nan,1
1.0,0,0.8,1.0,1.0,0.6491342619040698,1.076383870430466,0.6030694808205077,1.9923423202006674e-05,4.9069122060472665e-05,1
1.0,0,0.8,2.0,2.0,0.32235053464904506,0.5345164112938862,0.603069480820508,2.692625171552111e-05,5.716659750733053e-05,1
1.0,0,0.8,5.0,5.0,0.0394738951185613,0.06545497056965113,0.6030694808205105,1.9035593003833006e-05,5.142939248133027e-05,1
1.0,0,0.8,10.0,10.0,0.0011920083460675067,0.0019765688431883288,0.6030694808204722,1.9230975668709064e-05,5.4020815396288556e-05,1
1.0,0,0.8,20.0,20.0,1.0869709138511546e-06,1.8023974817803894e-06,0.6030694809767799,1.910460499651077e-05,5.399342397848913e-05,1
1.0,0,0.8,demodulated_last_half,20.0,9.500398384201018e-05,0.0019765688431883288,0.04806510239671836,nan,nan,1
1.0,1,1.4,1.0,21.0,0.2265079102580761,1.9737213633147532,0.11476184757795238,5.203291139963914e-05,8.703486116767541e-05,1
1.0,1,1.4,2.0,22.0,0.11248049942666402,0.9801210228012517,0.11476184757795237,5.297839397671092e-05,9.46979054531457e-05,1
1.0,1,1.4,5.0,25.0,0.013773960207900894,0.12002211970790072,0.11476184757795269,4.742146718096049e-05,8.370447095166793e-05,1
1.0,1,1.4,10.0,30.0,0.00041593755764180606,0.003624353967978888,0.1147618475779706,4.724738679069356e-05,8.546237692692832e-05,1
1.0,1,1.4,20.0,40.0,3.792859576662576e-07,3.3049830201858983e-06,0.11476184759488524,4.722453222287678e-05,8.554714467490686e-05,1
1.0,1,1.4,demodulated_last_half,40.0,6.766736371333416e-05,0.003624353967978888,0.01867018627627828,nan,nan,1
1.0,2,2.3,1.0,41.0,0.15022734252879483,1.9737213633147532,0.07611375410989954,0.00010867540354995812,0.00013533454139943906,1
1.0,2,2.3,2.0,42.0,0.07460069052743766,0.9801210228012517,0.07611375410989948,8.622722628739571e-05,0.00012299511065029777,1
1.0,2,2.3,5.0,45.0,0.009135334107196037,0.12002211970790072,0.07611375410989915,8.787628204489662e-05,0.00012027292689002773,1
1.0,2,2.3,10.0,50.0,0.0002758631867259877,0.003624353967978888,0.07611375410990062,8.874818037889517e-05,0.0001206446584677086,1
1.0,2,2.3,20.0,60.0,2.515546648684907e-07,3.3049830201858983e-06,0.0761137540895267,8.875979125524912e-05,0.00012057015016716701,1
1.0,2,2.3,demodulated_last_half,60.0,8.337958149179283e-05,0.003624353967978888,0.023005363777503566,nan,nan,1
