scenario,severity,triple,expected,protocol_certified,status,numeric_pass,reasons,point_order,point_order_error,interval_lower,interval_upper,imaginary_invariant,invariant_error,reciprocal_margin,denominator_margin
valid,0.0,0-1-2,PASS,1,PASS,1,,0.7999999999996361,6.606538581352766e-05,0.7999396098655779,0.8000603893167864,-6.845447673654746e-16,1.3446611851421018e-05,0.9999992897780706,0.9999943182116278
valid,0.0,0-1-3,PASS,1,PASS,1,,0.799999999999909,3.363948743917839e-05,0.7999711024828684,0.8000288971985355,-1.1464062971542286e-15,2.2252985395949587e-05,0.9999991579068873,0.9999943182116278
valid,0.0,0-1-4,PASS,1,PASS,1,,0.8000000000000455,2.3538003009257256e-05,0.7999810213096223,0.800018978494836,-2.3752878674850203e-15,3.320474044162908e-05,0.9999990000000001,0.9999943182116278
valid,0.0,0-2-3,PASS,1,PASS,1,,0.7999999999996361,4.2635609767498844e-05,0.79996212579008,0.8000378737895515,-1.6879444661870338e-17,7.916993329521514e-06,0.9999991579068873,0.9999964546466867
valid,0.0,0-2-4,PASS,1,PASS,1,,0.799999999999909,2.2866714244958737e-05,0.7999809239350726,0.8000190758999451,-3.7978750489208265e-16,1.1927759350222126e-05,0.9999990000000001,0.9999964546466867
valid,0.0,0-3-4,PASS,1,PASS,1,,0.7999999999996361,3.637501158867366e-05,0.7999684439764676,0.8000315556779243,-2.1832048281071469e-16,6.224455773509752e-06,0.9999990000000001,0.9999972235549374
valid,0.0,1-2-3,PASS,1,PASS,1,,0.7999999999996361,8.876374981317237e-05,0.7999186576391366,0.8000813409156763,4.3205443206853044e-16,2.2419399650957324e-05,0.9999991579068873,0.9999915936016621
valid,0.0,1-2-4,PASS,1,PASS,1,,0.799999999999909,4.6718061937124194e-05,0.7999597638035992,0.800040235588449,2.4195048195837706e-16,3.805311226581659e-05,0.9999990000000001,0.9999915936016621
valid,0.0,1-3-4,PASS,1,PASS,1,,0.7999999999996361,5.4065878742860986e-05,0.7999517589611059,0.8000482403811475,-2.1251806672614281e-16,1.0282635331694014e-05,0.9999990000000001,0.999995442497459
valid,0.0,2-3-4,PASS,1,PASS,1,,0.7999999999996361,9.765279121286751e-05,0.7999106848803421,0.8000893133394129,-5.481089088155127e-16,2.3825005360368416e-05,0.9999990000000001,0.9999908500693733
common_gain_phase,0.0,0-1-2,PASS,1,PASS,1,,0.7999999999996361,2.7527142814111485e-05,0.7999748376354547,0.8000251622219368,-9.50386678296229e-16,5.602734325123678e-06,0.9999997040741961,0.9999976325889568
common_gain_phase,0.0,0-1-3,PASS,1,PASS,1,,0.799999999999909,1.4016401313841099e-05,0.7999879594511183,0.8000120404935842,-1.1879833478702862e-15,9.272042991279673e-06,0.9999996491278698,0.9999976325889568
common_gain_phase,0.0,0-1-4,PASS,1,PASS,1,,0.8000000000000455,9.807464806686746e-06,0.799992092265529,0.8000079077005922,-1.4255800174443433e-15,1.3835257101818231e-05,0.9999995833333334,0.9999976325889568
common_gain_phase,0.0,0-2-3,PASS,1,PASS,1,,0.7999999999996361,1.7764792929546717e-05,0.7999842191700737,0.8000157807571668,1.2156673392685524e-16,3.298738962348913e-06,0.9999996491278698,0.9999985227700048
common_gain_phase,0.0,0-2-4,PASS,1,PASS,1,,0.799999999999909,9.527773472859878e-06,0.7999920516798738,0.8000079482915681,2.4313346785371047e-16,4.9698871429574655e-06,0.9999995833333334,0.9999985227700048
common_gain_phase,0.0,0-3-4,PASS,1,PASS,1,,0.7999999999996361,1.5156222348469833e-05,0.7999868517272262,0.800013148213111,0.0,2.593517680992455e-06,0.9999995833333334,0.9999988431483986
common_gain_phase,0.0,1-2-3,PASS,1,PASS,1,,0.7999999999996361,3.698469865116117e-05,0.7999661077059501,0.8000338920428479,9.957378999102419e-16,9.3413667378387e-06,0.9999996491278698,0.9999964973353881
common_gain_phase,0.0,1-2-4,PASS,1,PASS,1,,0.799999999999909,1.946575509356706e-05,0.7999832350817087,0.8000167648127899,1.7425413248429235e-15,1.5855378695103365e-05,0.9999995833333334,0.9999964973353881
common_gain_phase,0.0,1-3-4,PASS,1,PASS,1,,0.7999999999996361,2.2527377980370432e-05,0.7999798997112522,0.8000201001745153,1.093262409223463e-16,4.284417790619361e-06,0.9999995833333334,0.9999981010414517
common_gain_phase,0.0,2-3-4,PASS,1,PASS,1,,0.7999999999996361,4.068842525453034e-05,0.7999627858005622,0.8000372138903913,-1.949388628074127e-16,9.927027561157912e-06,0.9999995833333334,0.9999961875306563
independent_q,0.01,0-1-2,NOT_CERTIFIABLE,0,NOT_CERTIFIABLE,0,protocol_G0|imaginary_inconsistency,0.786924154233202,6.899065010526398e-05,,,0.22436711398529516,1.4042005233438412e-05,0.9999992897780706,0.9999940704743173
independent_q,0.01,0-1-3,NOT_CERTIFIABLE,0,NOT_CERTIFIABLE,0,protocol_G0|imaginary_inconsistency,0.7811066747090989,3.47802315971391e-05,,,0.20368404913198587,2.3007603406509697e-05,0.9999991621068443,0.9999940704743173
independent_q,0.01,0-1-4,NOT_CERTIFIABLE,0,NOT_CERTIFIABLE,0,protocol_G0|imaginary_inconsistency,0.7792859668928032,2.431503471972722e-05,,,0.525326343678031,3.430088849849367e-05,0.9999990099501663,0.9999940704743173
independent_q,0.01,0-2-3,NOT_CERTIFIABLE,0,NOT_CERTIFIABLE,0,protocol_G0|imaginary_inconsistency,0.730981541426081,4.333072596593891e-05,,,-0.08065252861996493,8.046069243676433e-06,0.9999991621068443,0.999996345881752
independent_q,0.01,0-2-4,NOT_CERTIFIABLE,0,NOT_CERTIFIABLE,0,protocol_G0|imaginary_inconsistency,0.7757110316589206,2.318682647257637e-05,,,-0.0014526600236689424,1.2094736624490046e-05,0.9999990099501663,0.999996345881752
independent_q,0.01,0-3-4,NOT_CERTIFIABLE,0,NOT_CERTIFIABLE,0,protocol_G0|imaginary_inconsistency,0.7997198019042115,3.708633008799083e-05,,,0.07222099823095904,6.346175887030147e-06,0.9999990099501663,0.9999971417712528
independent_q,0.01,1-2-3,NOT_CERTIFIABLE,0,NOT_CERTIFIABLE,0,protocol_G0|imaginary_inconsistency,0.5003109787043286,8.734766092184704e-05,,,-0.30398654707817196,2.2061732665698975e-05,0.9999991621068443,0.9999915187817416
independent_q,0.01,1-2-4,NOT_CERTIFIABLE,0,NOT_CERTIFIABLE,0,protocol_G0|imaginary_inconsistency,0.6900365860661621,4.592904205449836e-05,,,-0.32074733205666656,3.741043444639139e-05,0.9999990099501663,0.9999915187817416
independent_q,0.01,1-3-4,NOT_CERTIFIABLE,0,NOT_CERTIFIABLE,0,protocol_G0|imaginary_inconsistency,0.8121302334046047,5.523983218715786e-05,,,0.0854919446467472,1.0505906190223893e-05,0.9999990099501663,0.9999953141293932
independent_q,0.01,2-3-4,NOT_CERTIFIABLE,0,NOT_CERTIFIABLE,0,protocol_G0|imaginary_inconsistency,0.7575162787945373,0.00010084532787100198,,,0.2867161866869217,2.4603909906244868e-05,0.9999990099501663,0.999990550595458
independent_lambda,0.01,0-1-2,NOT_CERTIFIABLE,0,NOT_CERTIFIABLE,0,protocol_G0|imaginary_inconsistency,0.8002804194558848,6.594874362136524e-05,,,-0.00018974538615792558,1.3422871094227317e-05,0.9999992897780706,0.9999943309351428
independent_lambda,0.01,0-1-3,NOT_CERTIFIABLE,0,NOT_CERTIFIABLE,0,protocol_G0|imaginary_inconsistency,0.7997462352923321,3.357852817999525e-05,,,0.0005937996876482825,2.221266000434536e-05,0.9999991577325725,0.9999943309351428
independent_lambda,0.01,0-1-4,NOT_CERTIFIABLE,0,NOT_CERTIFIABLE,0,protocol_G0|imaginary_inconsistency,0.7995763086629268,2.3494235704718827e-05,,,0.0022523471862796506,3.314299850088514e-05,0.9999989996628103,0.9999943309351428
independent_lambda,0.01,0-2-3,NOT_CERTIFIABLE,0,NOT_CERTIFIABLE,0,protocol_G0|imaginary_inconsistency,0.799273289296434,4.25801556180422e-05,,,0.00046141538406733177,7.906696065480101e-06,0.9999991577325725,0.9999964609802862
independent_lambda,0.01,0-2-4,NOT_CERTIFIABLE,0,NOT_CERTIFIABLE,0,protocol_G0|imaginary_inconsistency,0.7992721300153791,2.283599280533828e-05,,,0.0013823303666236954,1.1911734400823635e-05,0.9999989996628103,0.9999964609802862
independent_lambda,0.01,0-3-4,NOT_CERTIFIABLE,0,NOT_CERTIFIABLE,0,protocol_G0|imaginary_inconsistency,0.7992716554119397,3.634581220063079e-05,,,0.0004367941761085513,6.219459203294418e-06,0.9999989996628103,0.9999972270942511
independent_lambda,0.01,1-2-3,NOT_CERTIFIABLE,0,NOT_CERTIFIABLE,0,protocol_G0|imaginary_inconsistency,0.7987158623745927,8.86372644926183e-05,,,0.0010746590035603971,2.238745276996762e-05,0.9999991577325725,0.9999916066716799
independent_lambda,0.01,1-2-4,NOT_CERTIFIABLE,0,NOT_CERTIFIABLE,0,protocol_G0|imaginary_inconsistency,0.798914975362186,4.664748031118725e-05,,,0.0031155634481744962,3.7995621641755654e-05,0.9999989996628103,0.9999916066716799
independent_lambda,0.01,1-3-4,NOT_CERTIFIABLE,0,NOT_CERTIFIABLE,0,protocol_G0|imaginary_inconsistency,0.7991051483095359,5.4022246846018885e-05,,,0.0005800779170112641,1.0274337105631856e-05,0.9999989996628103,0.9999954474100593
independent_lambda,0.01,2-3-4,NOT_CERTIFIABLE,0,NOT_CERTIFIABLE,0,protocol_G0|imaginary_inconsistency,0.7992705756525538,9.75869285681923e-05,,,0.0005925134206696223,2.3808936409927314e-05,0.9999989996628103,0.9999908571620505
per_window_normalization,0.01,0-1-2,NOT_CERTIFIABLE,0,NOT_CERTIFIABLE,0,protocol_G0|imaginary_inconsistency,0.7507066046095132,6.750158732259582e-05,,,0.00020014532354239122,1.3738928985349118e-05,0.9999992897780706,0.9999941334503745
per_window_normalization,0.01,0-1-3,NOT_CERTIFIABLE,0,NOT_CERTIFIABLE,0,protocol_G0|imaginary_inconsistency,0.763465363697378,3.4222544620988693e-05,,,-0.0006232219130616947,2.2638685771892803e-05,0.9999991621068443,0.9999941334503745
per_window_normalization,0.01,0-1-4,NOT_CERTIFIABLE,0,NOT_CERTIFIABLE,0,protocol_G0|imaginary_inconsistency,0.7681677565347624,2.383861140463279e-05,,,-0.002352158662169039,3.362880461304981e-05,0.9999990099501663,0.9999941334503745
per_window_normalization,0.01,0-2-3,NOT_CERTIFIABLE,0,NOT_CERTIFIABLE,0,protocol_G0|imaginary_inconsistency,0.7747591236944573,4.3446841137984836e-05,,,-0.0004873216199951147,8.067630634437746e-06,0.9999991621068443,0.999996345881752
per_window_normalization,0.01,0-2-4,NOT_CERTIFIABLE,0,NOT_CERTIFIABLE,0,protocol_G0|imaginary_inconsistency,0.7757110316589206,2.318682647257634e-05,,,-0.0014526600236690775,1.2094736624490033e-05,0.9999990099501663,0.999996345881752
per_window_normalization,0.01,0-3-4,NOT_CERTIFIABLE,0,NOT_CERTIFIABLE,0,protocol_G0|imaginary_inconsistency,0.7766192369996132,3.680352472327179e-05,,,-0.0004596137560861062,6.2977825145383275e-06,0.9999990099501663,0.9999971541444153
per_window_normalization,0.01,1-2-3,NOT_CERTIFIABLE,0,NOT_CERTIFIABLE,0,protocol_G0|imaginary_inconsistency,0.7881219281696757,9.121329086363637e-05,,,-0.0011428204367192616,2.3038089599132864e-05,0.9999991621068443,0.9999913055776649
per_window_normalization,0.01,1-2-4,NOT_CERTIFIABLE,0,NOT_CERTIFIABLE,0,protocol_G0|imaginary_inconsistency,0.7846048869248989,4.784500899643657e-05,,,-0.003296646986035865,3.897104081823302e-05,0.9999990099501663,0.9999913055776649
per_window_normalization,0.01,1-3-4,NOT_CERTIFIABLE,0,NOT_CERTIFIABLE,0,protocol_G0|imaginary_inconsistency,0.78126562339894,5.49965706789939e-05,,,-0.0006122993742893877,1.0459640977545403e-05,0.9999990099501663,0.9999953141293932
per_window_normalization,0.01,2-3-4,NOT_CERTIFIABLE,0,NOT_CERTIFIABLE,0,protocol_G0|imaginary_inconsistency,0.7783478545843532,9.948196932771622e-05,,,-0.0006235583401481825,2.4271282193319776e-05,0.9999990099501663,0.9999906073070232
independent_q,0.05,0-1-2,NOT_CERTIFIABLE,0,NOT_CERTIFIABLE,0,protocol_G0|imaginary_inconsistency|invariant_out_of_range,0.4,7.016646197239097e-05,,,1.0299824547820928,1.4281323987016536e-05,0.9999992897780706,0.9999937019166564
independent_q,0.05,0-1-3,NOT_CERTIFIABLE,0,NOT_CERTIFIABLE,0,protocol_G0|imaginary_inconsistency|invariant_out_of_range,0.4,3.289372918694185e-05,,,0.9383655374346775,2.1759656015532193e-05,0.9999991786982404,0.9999937019166564
independent_q,0.05,0-1-4,NOT_CERTIFIABLE,0,NOT_CERTIFIABLE,0,protocol_G0|imaginary_inconsistency|invariant_out_of_range,0.4,2.289307125472017e-05,,,2.3516989972703803,3.2294943994430645e-05,0.9999990487705755,0.9999937019166564
independent_q,0.05,0-2-3,NOT_CERTIFIABLE,0,NOT_CERTIFIABLE,0,protocol_G0|imaginary_inconsistency|invariant_out_of_range,0.4,4.770993267602831e-05,,,-0.4341831432827112,8.859242797460171e-06,0.9999991786982404,0.9999958377267767
independent_q,0.05,0-2-4,NOT_CERTIFIABLE,0,NOT_CERTIFIABLE,0,protocol_G0|imaginary_inconsistency,0.6767356940859828,2.4738861560769128e-05,,,-0.007739125191041187,1.2904310787037046e-05,0.9999990487705755,0.9999958377267767
independent_q,0.05,0-3-4,NOT_CERTIFIABLE,0,NOT_CERTIFIABLE,0,protocol_G0|imaginary_inconsistency,0.4522073972682846,4.0074573798906565e-05,,,0.3925378322440409,6.857521176191659e-06,0.9999990487705755,0.9999967983986295
independent_q,0.05,1-2-3,NOT_CERTIFIABLE,0,NOT_CERTIFIABLE,0,protocol_G0|imaginary_inconsistency|invariant_out_of_range,0.4,6.503383605885629e-05,,,-1.0149900743365394,1.642584461007044e-05,0.9999991786982404,0.9999924696159902
independent_q,0.05,1-2-4,NOT_CERTIFIABLE,0,NOT_CERTIFIABLE,0,protocol_G0|imaginary_inconsistency|invariant_out_of_range,0.4,3.302137181700083e-05,,,-1.0646214964550857,2.6896791451125728e-05,0.9999990487705755,0.9999924696159902
independent_q,0.05,1-3-4,NOT_CERTIFIABLE,0,NOT_CERTIFIABLE,0,protocol_G0|imaginary_inconsistency,0.8280728969217308,6.286272449537318e-05,,,0.46980961137083516,1.195568234481018e-05,0.9999990487705755,0.9999947056018778
independent_q,0.05,2-3-4,NOT_CERTIFIABLE,0,NOT_CERTIFIABLE,0,protocol_G0|imaginary_inconsistency|invariant_out_of_range,0.4,9.148401658909664e-05,,,1.207828430578185,2.2319968108971553e-05,0.9999990487705755,0.9999907459903467
independent_lambda,0.05,0-1-2,NOT_CERTIFIABLE,0,NOT_CERTIFIABLE,0,protocol_G0|imaginary_inconsistency,0.8019802872011496,6.549543359921687e-05,,,-0.0012779851890318504,1.3330606683127187e-05,0.9999992897780706,0.999994380613069
independent_lambda,0.05,0-1-3,NOT_CERTIFIABLE,0,NOT_CERTIFIABLE,0,protocol_G0|imaginary_inconsistency,0.7992183556601957,3.33435840179728e-05,,,0.0017439178215759572,2.2057241197331668e-05,0.9999991570246065,0.999994380613069
independent_lambda,0.05,0-1-4,NOT_CERTIFIABLE,0,NOT_CERTIFIABLE,0,protocol_G0|imaginary_inconsistency,0.7983064417472633,2.332669768697863e-05,,,0.008581989923170828,3.2906654899816675e-05,0.9999989982730708,0.999994380613069
independent_lambda,0.05,0-2-3,NOT_CERTIFIABLE,0,NOT_CERTIFIABLE,0,protocol_G0|imaginary_inconsistency,0.7967672767117618,4.2361961471173954e-05,,,0.0019530505557707135,7.866179661124291e-06,0.9999991570246065,0.9999964859660259
independent_lambda,0.05,0-2-4,NOT_CERTIFIABLE,0,NOT_CERTIFIABLE,0,protocol_G0|imaginary_inconsistency,0.7967136188702171,2.2716473550216774e-05,,,0.005937427737074306,1.1849390642226076e-05,0.9999989982730708,0.9999964859660259
independent_lambda,0.05,0-3-4,NOT_CERTIFIABLE,0,NOT_CERTIFIABLE,0,protocol_G0|imaginary_inconsistency,0.7966741319167339,3.623059421635245e-05,,,0.0019032755441733761,6.199743216518573e-06,0.9999989982730708,0.9999972411465011
independent_lambda,0.05,1-2-3,NOT_CERTIFIABLE,0,NOT_CERTIFIABLE,0,protocol_G0|imaginary_inconsistency,0.7938699067199193,8.81312127657851e-05,,,0.004871439075678187,2.2259637350589665e-05,0.9999991570246065,0.999991659201164
independent_lambda,0.05,1-2-4,NOT_CERTIFIABLE,0,NOT_CERTIFIABLE,0,protocol_G0|imaginary_inconsistency,0.7948381044207051,4.636727419568941e-05,,,0.014071314497878155,3.7767386258512276e-05,0.9999989982730708,0.999991659201164
independent_lambda,0.05,1-3-4,NOT_CERTIFIABLE,0,NOT_CERTIFIABLE,0,protocol_G0|imaginary_inconsistency,0.7957829587045123,5.38463478776059e-05,,,0.0026098937335911755,1.0240883382332284e-05,0.9999989982730708,0.9999954673549802
independent_lambda,0.05,2-3-4,NOT_CERTIFIABLE,0,NOT_CERTIFIABLE,0,protocol_G0|imaginary_inconsistency,0.7965967005560741,9.731659820863402e-05,,,0.002650970611369457,2.3742982101959745e-05,0.9999989982730708,0.9999908866100219
per_window_normalization,0.05,0-1-2,NOT_CERTIFIABLE,0,NOT_CERTIFIABLE,0,protocol_G0|imaginary_inconsistency,0.5355689053420063,7.395677336523053e-05,,,0.0016912616076945758,1.5052784646300183e-05,0.9999992897780706,0.9999932855012987
per_window_normalization,0.05,0-1-3,NOT_CERTIFIABLE,0,NOT_CERTIFIABLE,0,protocol_G0|imaginary_inconsistency,0.6075414815168186,3.685906921215127e-05,,,-0.0022508866401258374,2.4382783191013163e-05,0.9999991786982404,0.9999932855012987
per_window_normalization,0.05,0-1-4,NOT_CERTIFIABLE,0,NOT_CERTIFIABLE,0,protocol_G0|imaginary_inconsistency,0.6340680639457332,2.523051649052504e-05,,,-0.010803345012310828,3.5592346170855647e-05,0.9999990487705755,0.9999932855012987
per_window_normalization,0.05,0-2-3,NOT_CERTIFIABLE,0,NOT_CERTIFIABLE,0,protocol_G0|imaginary_inconsistency,0.6712995775222226,4.7255633821228216e-05,,,-0.0026101434875147166,8.774884182145998e-06,0.9999991786982404,0.9999958377267767
per_window_normalization,0.05,0-2-4,NOT_CERTIFIABLE,0,NOT_CERTIFIABLE,0,protocol_G0|imaginary_inconsistency,0.6767356940859828,2.473886156076914e-05,,,-0.0077391251910419205,1.2904310787037053e-05,0.9999990487705755,0.9999958377267767
per_window_normalization,0.05,0-3-4,NOT_CERTIFIABLE,0,NOT_CERTIFIABLE,0,protocol_G0|imaginary_inconsistency,0.6819611727387382,3.891983520325011e-05,,,-0.002498133863552312,6.659923457188692e-06,0.9999990487705755,0.9999968258652641
per_window_normalization,0.05,1-2-3,NOT_CERTIFIABLE,0,NOT_CERTIFIABLE,0,protocol_G0|imaginary_inconsistency,0.7481706305845363,0.00010295436169040207,,,-0.006773573742798612,2.600357674618885e-05,0.9999991786982404,0.999989938763791
per_window_normalization,0.05,1-2-4,NOT_CERTIFIABLE,0,NOT_CERTIFIABLE,0,protocol_G0|imaginary_inconsistency,0.7280481150302873,5.331734343897027e-05,,,-0.01908261531696486,4.342840373662826e-05,0.9999990487705755,0.999989938763791
per_window_normalization,0.05,1-3-4,NOT_CERTIFIABLE,0,NOT_CERTIFIABLE,0,protocol_G0|imaginary_inconsistency,0.7088816402549125,5.952526905479764e-05,,,-0.0034902618690660237,1.1320941209935941e-05,0.9999990487705755,0.9999947056018778
per_window_normalization,0.05,2-3-4,NOT_CERTIFIABLE,0,NOT_CERTIFIABLE,0,protocol_G0|imaginary_inconsistency,0.6920503993054805,0.00010819309371035644,,,-0.003487819476794165,2.6396593539094107e-05,0.9999990487705755,0.9999894694227062
independent_q,0.2,0-1-2,NOT_CERTIFIABLE,0,NOT_CERTIFIABLE,0,protocol_G0|imaginary_inconsistency|invariant_out_of_range,0.4,2.3077862261998215e-05,,,0.4156180769116151,4.697150442344129e-06,0.9999992897780706,0.9999966200832898
independent_q,0.2,0-1-3,NOT_CERTIFIABLE,0,NOT_CERTIFIABLE,0,protocol_G0|imaginary_inconsistency|invariant_out_of_range,0.4,7.631039878792587e-06,,,0.38708564986287175,5.048038240348048e-06,0.9999992380426422,0.9999966200832898
independent_q,0.2,0-1-4,NOT_CERTIFIABLE,0,NOT_CERTIFIABLE,0,protocol_G0|imaginary_inconsistency|invariant_out_of_range,0.4,4.744525625835836e-06,,,0.8610077407025379,6.693037717030521e-06,0.999999181269247,0.9999966200832898
independent_q,0.2,0-2-3,NOT_CERTIFIABLE,0,NOT_CERTIFIABLE,0,protocol_G0|imaginary_inconsistency|invariant_out_of_range,0.4,0.00014791832628502399,,,-2.5766411787706427,2.7466908738929962e-05,0.9999992380426422,0.9999916641417964
independent_q,0.2,0-2-4,NOT_CERTIFIABLE,0,NOT_CERTIFIABLE,0,protocol_G0|imaginary_inconsistency|invariant_out_of_range,0.4,3.835393007585176e-05,,,-0.0424620325897083,2.0006217035788736e-05,0.999999181269247,0.9999916641417964
independent_q,0.2,0-3-4,NOT_CERTIFIABLE,0,NOT_CERTIFIABLE,0,protocol_G0|imaginary_inconsistency|invariant_out_of_range,0.4,3.4104070781633644e-05,,,0.7933804234887678,5.835854643219513e-06,0.999999181269247,0.9999964940989492
independent_q,0.2,1-2-3,NOT_CERTIFIABLE,0,NOT_CERTIFIABLE,0,protocol_G0|imaginary_inconsistency|invariant_out_of_range,0.4,1.6165020139287555e-05,,,-0.3179910153962818,4.0828609385165985e-06,0.9999992380426422,0.9999967122987263
independent_q,0.2,1-2-4,NOT_CERTIFIABLE,0,NOT_CERTIFIABLE,0,protocol_G0|imaginary_inconsistency|invariant_out_of_range,0.4,6.2431657155004356e-06,,,-0.31846648580766634,5.085225628275695e-06,0.999999181269247,0.9999967122987263
independent_q,0.2,1-3-4,NOT_CERTIFIABLE,0,NOT_CERTIFIABLE,0,protocol_G0|imaginary_inconsistency|invariant_out_of_range,1.0,0.0002475972962086753,,,3.389453620920484,4.7089823845014414e-05,0.999999181269247,0.9999891396756876
independent_q,0.2,2-3-4,NOT_CERTIFIABLE,0,NOT_CERTIFIABLE,0,protocol_G0|imaginary_inconsistency|invariant_out_of_range,0.4,2.1460969110943117e-05,,,0.37953823209174303,5.2359763377613195e-06,0.999999181269247,0.999996177556004
independent_lambda,0.2,0-1-2,NOT_CERTIFIABLE,0,NOT_CERTIFIABLE,0,protocol_G0|imaginary_inconsistency,0.8167246599386997,6.3996587035082e-05,,,-0.00939576118174537,1.3025539094032283e-05,0.9999992897780706,0.9999945490734762
independent_lambda,0.2,0-1-3,NOT_CERTIFIABLE,0,NOT_CERTIFIABLE,0,protocol_G0|imaginary_inconsistency,0.80492315787551,3.2597968422720786e-05,,,-0.009556361327522684,2.156400618647918e-05,0.9999991542101521,0.9999945490734762
independent_lambda,0.2,0-1-4,NOT_CERTIFIABLE,0,NOT_CERTIFIABLE,0,protocol_G0|imaginary_inconsistency,0.8006523846076334,2.281481564429115e-05,,,-0.0028749306822337777,3.218454987002787e-05,0.9999989924232023,0.9999945490734762
independent_lambda,0.2,0-2-3,NOT_CERTIFIABLE,0,NOT_CERTIFIABLE,0,protocol_G0|imaginary_inconsistency,0.7944003952718048,4.160982655269026e-05,,,0.0029045997518837474,7.726515958294483e-06,0.9999991542101521,0.9999965741366031
independent_lambda,0.2,0-2-4,NOT_CERTIFIABLE,0,NOT_CERTIFIABLE,0,protocol_G0|imaginary_inconsistency,0.7936283170983187,2.232674577744579e-05,,,0.009880203305707009,1.1646100434638196e-05,0.9999989924232023,0.9999965741366031
independent_lambda,0.2,0-3-4,NOT_CERTIFIABLE,0,NOT_CERTIFIABLE,0,protocol_G0|imaginary_inconsistency,0.7929243264748947,3.583088872609876e-05,,,0.0034799233985870546,6.131346010913618e-06,0.9999989924232023,0.9999972921847238
independent_lambda,0.2,1-2-3,NOT_CERTIFIABLE,0,NOT_CERTIFIABLE,0,protocol_G0|imaginary_inconsistency,0.781726842036187,8.626851492767208e-05,,,0.012304966124647843,2.1789168636170472e-05,0.9999991542101521,0.9999918576116782
independent_lambda,0.2,1-2-4,NOT_CERTIFIABLE,0,NOT_CERTIFIABLE,0,protocol_G0|imaginary_inconsistency,0.7852048369367366,4.5373306762246485e-05,,,0.0341595724883421,3.695777317173067e-05,0.9999989924232023,0.9999918576116782
independent_lambda,0.2,1-3-4,NOT_CERTIFIABLE,0,NOT_CERTIFIABLE,0,protocol_G0|imaginary_inconsistency,0.7886584969415706,5.3179866897888185e-05,,,0.006001281088565655,1.0114127264993633e-05,0.9999989924232023,0.9999955460345463
independent_lambda,0.2,2-3-4,NOT_CERTIFIABLE,0,NOT_CERTIFIABLE,0,protocol_G0|imaginary_inconsistency,0.791595025303468,9.621567642537331e-05,,,0.005638783478990116,2.347438284266815e-05,0.9999989924232023,0.999991012857223
per_window_normalization,0.2,0-1-2,NOT_CERTIFIABLE,0,NOT_CERTIFIABLE,0,protocol_G0|imaginary_inconsistency|invariant_out_of_range,0.4,0.00011492787986083456,,,0.03873790318561268,2.3391834806767327e-05,0.9999992897780706,0.9999870883777138
per_window_normalization,0.2,0-1-3,NOT_CERTIFIABLE,0,NOT_CERTIFIABLE,0,protocol_G0|imaginary_inconsistency|invariant_out_of_range,0.4,5.353589824255396e-05,,,0.035650633692281636,3.541473584889121e-05,0.9999992380426422,0.9999870883777138
per_window_normalization,0.2,0-1-4,NOT_CERTIFIABLE,0,NOT_CERTIFIABLE,0,protocol_G0|imaginary_inconsistency|invariant_out_of_range,0.4,3.444080766216889e-05,,,0.00970448786665228,4.858517855455379e-05,0.999999181269247,0.9999870883777138
per_window_normalization,0.2,0-2-3,NOT_CERTIFIABLE,0,NOT_CERTIFIABLE,0,protocol_G0|imaginary_inconsistency|invariant_out_of_range,0.4,7.836577265317836e-05,,,-0.013795919203560093,1.45517163409015e-05,0.9999992380426422,0.9999916641417964
per_window_normalization,0.2,0-2-4,NOT_CERTIFIABLE,0,NOT_CERTIFIABLE,0,protocol_G0|imaginary_inconsistency|invariant_out_of_range,0.4,3.835393007585175e-05,,,-0.04246203258970941,2.000621703578873e-05,0.999999181269247,0.9999916641417964
per_window_normalization,0.2,0-3-4,NOT_CERTIFIABLE,0,NOT_CERTIFIABLE,0,protocol_G0|imaginary_inconsistency|invariant_out_of_range,0.4,5.893460859908037e-05,,,-0.01566193367289944,1.008483155695564e-05,0.999999181269247,0.999993992527001
per_window_normalization,0.2,1-2-3,NOT_CERTIFIABLE,0,NOT_CERTIFIABLE,0,protocol_G0|imaginary_inconsistency,0.8297799460829992,0.0002207013027738706,,,-0.08129922945860217,5.5743371824520065e-05,0.9999992380426422,0.9999770008414781
per_window_normalization,0.2,1-2-4,NOT_CERTIFIABLE,0,NOT_CERTIFIABLE,0,protocol_G0|imaginary_inconsistency,0.6650048213094122,0.00011058047439680099,,,-0.2042156333383817,9.007075705092382e-05,0.999999181269247,0.9999770008414781
per_window_normalization,0.2,1-3-4,NOT_CERTIFIABLE,0,NOT_CERTIFIABLE,0,protocol_G0|imaginary_inconsistency,0.5099117795070925,0.00010421771603341321,,,-0.03204788719872797,1.9820870278837923e-05,0.999999181269247,0.9999891396756876
per_window_normalization,0.2,2-3-4,NOT_CERTIFIABLE,0,NOT_CERTIFIABLE,0,protocol_G0|imaginary_inconsistency|invariant_out_of_range,0.4,0.0001862974743407506,,,-0.026927782674425443,4.545224227248328e-05,0.999999181269247,0.9999797035148539
independent_phase,1.0,0-1-2,NOT_CERTIFIABLE,0,NOT_CERTIFIABLE,0,protocol_G0|imaginary_inconsistency,0.8001601551648492,6.644588454792943e-05,,,-0.018919429281319126,1.35240566241784e-05,0.9999992897780706,0.9999942858886576
independent_phase,1.0,0-1-3,NOT_CERTIFIABLE,0,NOT_CERTIFIABLE,0,protocol_G0|imaginary_inconsistency,0.8019875516544743,3.384789536832476e-05,,,-0.04860556279062254,2.23908501185343e-05,0.9999991579068873,0.9999942858886576
independent_phase,1.0,0-1-4,NOT_CERTIFIABLE,0,NOT_CERTIFIABLE,0,protocol_G0|imaginary_inconsistency,0.8024253728743588,2.3693617500289774e-05,,,-0.09637688958985986,3.342426368587622e-05,0.9999990000000001,0.9999942858886576
independent_phase,1.0,0-2-3,NOT_CERTIFIABLE,0,NOT_CERTIFIABLE,0,protocol_G0|imaginary_inconsistency,0.8040270053716088,4.2892296247199523e-05,,,-0.009143951360873799,7.964657363380783e-06,0.9999991579068873,0.999996434709713
independent_phase,1.0,0-2-4,NOT_CERTIFIABLE,0,NOT_CERTIFIABLE,0,protocol_G0|imaginary_inconsistency,0.8038100994796875,2.3012843653013432e-05,,,-0.02635448611592251,1.2003983524565455e-05,0.9999990000000001,0.999996434709713
independent_phase,1.0,0-3-4,NOT_CERTIFIABLE,0,NOT_CERTIFIABLE,0,protocol_G0|imaginary_inconsistency,0.8038317141446896,3.657291241424012e-05,,,-0.008005818968380088,6.258320365780096e-06,0.9999990000000001,0.9999972094337428
independent_phase,1.0,1-2-3,NOT_CERTIFIABLE,0,NOT_CERTIFIABLE,0,protocol_G0|imaginary_inconsistency,0.8059216621602899,8.930283160411297e-05,,,-0.00575737784818048,2.255555759990708e-05,0.9999991579068873,0.9999915477548432
independent_phase,1.0,1-2-4,NOT_CERTIFIABLE,0,NOT_CERTIFIABLE,0,protocol_G0|imaginary_inconsistency,0.8050828461755372,4.702380373517255e-05,,,-0.025484657374714538,3.830214714618352e-05,0.9999990000000001,0.9999915477548432
independent_phase,1.0,1-3-4,NOT_CERTIFIABLE,0,NOT_CERTIFIABLE,0,protocol_G0|imaginary_inconsistency,0.804369704398414,5.434457443257986e-05,,,-0.006961224654180112,1.0335639670336572e-05,0.9999990000000001,0.9999954209407403
independent_phase,1.0,2-3-4,NOT_CERTIFIABLE,0,NOT_CERTIFIABLE,0,protocol_G0|imaginary_inconsistency,0.8037627888381396,9.809794833017294e-05,,,-0.010041207511565307,2.3933613323072616e-05,0.9999990000000001,0.9999908120115936
independent_phase,5.0,0-1-2,NOT_CERTIFIABLE,0,NOT_CERTIFIABLE,0,protocol_G0|imaginary_inconsistency,0.8316680506293779,6.693697970492032e-05,,,-0.09414241101394073,1.3624011629009645e-05,0.9999992897780706,0.9999942681478132
independent_phase,5.0,0-1-3,NOT_CERTIFIABLE,0,NOT_CERTIFIABLE,0,protocol_G0|imaginary_inconsistency,0.8199460456408816,3.4163065166256266e-05,,,-0.24140071003059912,2.2599339291364144e-05,0.9999991579068873,0.9999942681478132
independent_phase,5.0,0-1-4,NOT_CERTIFIABLE,0,NOT_CERTIFIABLE,0,protocol_G0|imaginary_inconsistency,0.8128804009326585,2.394795807538594e-05,,,-0.47855092463666676,3.378305847303473e-05,0.9999990000000001,0.9999942681478132
independent_phase,5.0,0-2-3,NOT_CERTIFIABLE,0,NOT_CERTIFIABLE,0,protocol_G0|imaginary_inconsistency,0.819843691774622,4.290474236178373e-05,,,-0.04494349825115891,7.966968478588914e-06,0.9999991579068873,0.9999964404078248
independent_phase,5.0,0-2-4,NOT_CERTIFIABLE,0,NOT_CERTIFIABLE,0,protocol_G0|imaginary_inconsistency,0.8146851898683964,2.3051365614730626e-05,,,-0.12982204219164098,1.2024077390441373e-05,0.9999990000000001,0.9999964404078248
independent_phase,5.0,0-3-4,NOT_CERTIFIABLE,0,NOT_CERTIFIABLE,0,protocol_G0|imaginary_inconsistency,0.815259832115953,3.647636114917289e-05,,,-0.03938307394523798,6.241798609413852e-06,0.9999990000000001,0.9999972205876482
independent_phase,5.0,1-2-3,NOT_CERTIFIABLE,0,NOT_CERTIFIABLE,0,protocol_G0|imaginary_inconsistency,0.8072934359335704,8.85381331332918e-05,,,-0.02792445075136772,2.2362414783544544e-05,0.9999991579068873,0.9999916220033578
independent_phase,5.0,1-2-4,NOT_CERTIFIABLE,0,NOT_CERTIFIABLE,0,protocol_G0|imaginary_inconsistency,0.8081507432796571,4.6663694054698734e-05,,,-0.12453964334866109,3.8008828169948586e-05,0.9999990000000001,0.9999916220033578
independent_phase,5.0,1-3-4,NOT_CERTIFIABLE,0,NOT_CERTIFIABLE,0,protocol_G0|imaginary_inconsistency,0.8109211333368875,5.389977356793584e-05,,,-0.0341503730569303,1.0251044262054958e-05,0.9999990000000001,0.9999954622455838
independent_phase,5.0,2-3-4,NOT_CERTIFIABLE,0,NOT_CERTIFIABLE,0,protocol_G0|imaginary_inconsistency,0.813701701602986,9.7311019246511e-05,,,-0.04935964616032828,2.374162096521357e-05,0.9999990000000001,0.9999908974962831
independent_phase,20.0,0-1-2,NOT_CERTIFIABLE,0,NOT_CERTIFIABLE,0,protocol_G0|imaginary_inconsistency|invariant_out_of_range,1.0,5.6227619260557596e-05,,,-0.30781233291315163,1.1444282996548973e-05,0.9999992897780706,0.9999953835160122
independent_phase,20.0,0-1-3,NOT_CERTIFIABLE,0,NOT_CERTIFIABLE,0,protocol_G0|imaginary_inconsistency,0.9103255228362286,2.88021635409058e-05,,,-0.837862691396251,1.9053028849097785e-05,0.9999991579068873,0.9999953835160122
independent_phase,20.0,0-1-4,NOT_CERTIFIABLE,0,NOT_CERTIFIABLE,0,protocol_G0|imaginary_inconsistency,0.7887702148812423,2.015999852821286e-05,,,-1.7040448404935145,2.8439435502224266e-05,0.9999990000000001,0.9999953835160122
independent_phase,20.0,0-2-3,NOT_CERTIFIABLE,0,NOT_CERTIFIABLE,0,protocol_G0|imaginary_inconsistency,0.8165421112051261,3.3135838255238104e-05,,,-0.16561906144667207,6.152983664720634e-06,0.9999991579068873,0.9999972644512389
independent_phase,20.0,0-2-4,NOT_CERTIFIABLE,0,NOT_CERTIFIABLE,0,protocol_G0|imaginary_inconsistency,0.7511767406888794,1.7805832427485805e-05,,,-0.4835970966498669,9.287896894598876e-06,0.9999990000000001,0.9999972644512389
independent_phase,20.0,0-3-4,NOT_CERTIFIABLE,0,NOT_CERTIFIABLE,0,protocol_G0|imaginary_inconsistency,0.7670467131698384,2.7930426620437425e-05,,,-0.14934920845120292,4.779426799916281e-06,0.9999990000000001,0.9999978732837893
independent_phase,20.0,1-2-3,NOT_CERTIFIABLE,0,NOT_CERTIFIABLE,0,protocol_G0|imaginary_inconsistency,0.6167200731109912,6.272331431018068e-05,,,-0.1470792085441878,1.5842267298444743e-05,0.9999991579068873,0.9999939623894811
independent_phase,20.0,1-2-4,NOT_CERTIFIABLE,0,NOT_CERTIFIABLE,0,protocol_G0|imaginary_inconsistency,0.6382864744027759,3.281829632523607e-05,,,-0.5593904288986421,2.67313810259895e-05,0.9999990000000001,0.9999939623894811
independent_phase,20.0,1-3-4,NOT_CERTIFIABLE,0,NOT_CERTIFIABLE,0,protocol_G0|imaginary_inconsistency,0.7044253686537559,3.9417891040065434e-05,,,-0.14216174167649925,7.496776313155944e-06,0.9999990000000001,0.9999966612318756
independent_phase,20.0,2-3-4,NOT_CERTIFIABLE,0,NOT_CERTIFIABLE,0,protocol_G0|imaginary_inconsistency,0.765711964328875,7.251437093161888e-05,,,-0.1937538326138765,1.76918166361835e-05,0.9999990000000001,0.9999932118198356
adversarial_observation_equivalent_q,0.15000000000000002,0-1-2,NOT_CERTIFIABLE_NUMERIC_PASS,0,NOT_CERTIFIABLE,1,protocol_G0,0.6499999999996362,8.17231000218268e-05,0.6499227409804007,0.6500772576797318,-6.180427897574332e-16,1.6633503184103845e-05,0.9999993466204262,0.9999924802149777
adversarial_observation_equivalent_q,0.15000000000000002,0-1-3,NOT_CERTIFIABLE_NUMERIC_PASS,0,NOT_CERTIFIABLE,1,protocol_G0,0.6499999999999091,4.046978685924581e-05,0.6499631906096512,0.6500368088750292,-1.545106974393583e-16,2.6771322767157634e-05,0.999999257883215,0.9999924802149777
adversarial_observation_equivalent_q,0.15000000000000002,0-1-4,NOT_CERTIFIABLE_NUMERIC_PASS,0,NOT_CERTIFIABLE,1,protocol_G0,0.6500000000000454,2.7466658238519278e-05,0.6499759806138172,0.6500240190749537,-2.163149764151016e-15,3.874684089598749e-05,0.9999991549921806,0.9999924802149777
adversarial_observation_equivalent_q,0.15000000000000002,0-2-3,NOT_CERTIFIABLE_NUMERIC_PASS,0,NOT_CERTIFIABLE,1,protocol_G0,0.6499999999996362,4.908710461704048e-05,0.6499544276313829,0.650045571755618,4.020343710232177e-16,9.114969433716912e-06,0.999999257883215,0.9999955039805211
adversarial_observation_equivalent_q,0.15000000000000002,0-2-4,NOT_CERTIFIABLE_NUMERIC_PASS,0,NOT_CERTIFIABLE,1,protocol_G0,0.6499999999999091,2.5447967677746613e-05,0.6499772781659887,0.6500227215999986,-3.216274968185742e-16,1.3274195459861984e-05,0.9999991549921806,0.9999955039805211
adversarial_observation_equivalent_q,0.15000000000000002,0-3-4,NOT_CERTIFIABLE_NUMERIC_PASS,0,NOT_CERTIFIABLE,1,protocol_G0,0.6499999999996362,3.8995489838816876e-05,0.6499643451690647,0.6500356543821908,-6.057242280343323e-16,6.67286940311639e-06,0.9999991549921806,0.9999966647300137
adversarial_observation_equivalent_q,0.15000000000000002,1-2-3,NOT_CERTIFIABLE_NUMERIC_PASS,0,NOT_CERTIFIABLE,1,protocol_G0,0.6499999999996362,0.00010477457772550437,0.6499007882139265,0.6500992096374829,1.508876263460098e-15,2.646331566920564e-05,0.999999257883215,0.9999894716212109
adversarial_observation_equivalent_q,0.15000000000000002,1-2-4,NOT_CERTIFIABLE_NUMERIC_PASS,0,NOT_CERTIFIABLE,1,protocol_G0,0.6499999999999091,5.372158978593873e-05,0.6499510562888644,0.6500489428153288,3.3530583632446623e-16,4.375767320942746e-05,0.9999991549921806,0.9999894716212109
adversarial_observation_equivalent_q,0.15000000000000002,1-3-4,NOT_CERTIFIABLE_NUMERIC_PASS,0,NOT_CERTIFIABLE,1,protocol_G0,0.6499999999996362,5.928177599374924e-05,0.649944807067368,0.6500551920664293,-8.99620914458292e-16,1.1274631958874537e-05,0.9999991549921806,0.9999945304682298
adversarial_observation_equivalent_q,0.15000000000000002,2-3-4,NOT_CERTIFIABLE_NUMERIC_PASS,0,NOT_CERTIFIABLE,1,protocol_G0,0.6499999999996362,0.0001092120363668761,0.649896712442569,0.650103285176374,-2.3053198195257e-15,2.6645191801898196e-05,0.9999991549921806,0.9999891235957364
close_heart_rates,0.25,0-1-2,CONDITION_DEPENDENT,1,REJECT_NUMERIC,0,unseparated_inverse_response,,,,,,,0.9990025149594276,-0.5650228941215417
close_heart_rates,0.25,0-1-3,CONDITION_DEPENDENT,1,REJECT_NUMERIC,0,unseparated_inverse_response,,,,,,,0.999001257282408,-0.5650228941215417
close_heart_rates,0.25,0-1-4,CONDITION_DEPENDENT,1,REJECT_NUMERIC,0,unseparated_inverse_response,,,,,,,0.999,-0.5650228941215417
close_heart_rates,0.25,0-2-3,CONDITION_DEPENDENT,1,REJECT_NUMERIC,0,order_bound_too_wide,0.7999999999068677,4359.777154552,0.4,1.0,-4.468766770369909e-14,5.445489882238151,0.999001257282408,0.21636719767813442
close_heart_rates,0.25,0-2-4,CONDITION_DEPENDENT,1,REJECT_NUMERIC,0,order_bound_too_wide,0.7999999999767169,2182.1903204505884,0.4,1.0,-2.6664960431394055e-14,7.259455812217147,0.999,0.21636719767813442
close_heart_rates,0.25,0-3-4,CONDITION_DEPENDENT,1,REJECT_NUMERIC,0,order_bound_too_wide,0.7999999999068677,1324.3262297035146,0.4,1.0,2.1945764559621435e-14,1.4682129972013775,0.999,0.4768298014536638
close_heart_rates,0.25,1-2-3,CONDITION_DEPENDENT,1,REJECT_NUMERIC,0,unseparated_inverse_response,,,,,,,0.999001257282408,-0.5695071820052278
close_heart_rates,0.25,1-2-4,CONDITION_DEPENDENT,1,REJECT_NUMERIC,0,unseparated_inverse_response,,,,,,,0.999,-0.5695071820052278
close_heart_rates,0.25,1-3-4,CONDITION_DEPENDENT,1,REJECT_NUMERIC,0,order_bound_too_wide,0.7999999999068677,4425.412944676277,0.4,1.0,4.8317298298404563e-14,5.518280914408265,0.999,0.21412362659935055
close_heart_rates,0.25,2-3-4,CONDITION_DEPENDENT,1,REJECT_NUMERIC,0,unseparated_inverse_response,,,,,,,0.999,-0.573997178724441
close_heart_rates,1.0,0-1-2,CONDITION_DEPENDENT,1,REJECT_NUMERIC,0,order_bound_too_wide,0.8000000000116415,186.81733972538984,0.4,1.0,1.482885930917089e-14,1.2487838620610585,0.9990099752393189,0.6166613144981105
close_heart_rates,1.0,0-1-3,CONDITION_DEPENDENT,1,REJECT_NUMERIC,0,order_bound_too_wide,0.8000000000029104,93.80481170956308,0.4,1.0,2.0667569976208517e-14,1.8719498190130432,0.9990049845034602,0.6166613144981105
close_heart_rates,1.0,0-1-4,CONDITION_DEPENDENT,1,REJECT_NUMERIC,0,order_bound_too_wide,0.8000000000029104,62.8003565632228,0.4,1.0,4.027651737680352e-14,2.4943072101424013,0.9990000000000001,0.6166613144981105
close_heart_rates,1.0,0-2-3,CONDITION_DEPENDENT,1,REJECT_NUMERIC,0,order_bound_too_wide,0.8000000000116415,72.5508568162485,0.4,1.0,-7.822767259008814e-16,0.36163327750069524,0.9990049845034602,0.8072211093779655
close_heart_rates,1.0,0-2-4,CONDITION_DEPENDENT,1,REJECT_NUMERIC,0,order_bound_too_wide,0.7999999999941791,36.42879824672838,0.4,1.0,5.329260195199754e-15,0.48186976989132824,0.9990000000000001,0.8072211093779655
close_heart_rates,1.0,0-3-4,CONDITION_DEPENDENT,1,REJECT_NUMERIC,0,order_bound_too_wide,0.8000000000116415,45.58396527767233,0.4,1.0,4.2455989739498624e-15,0.20081499436600725,0.9990000000000001,0.8707380223491977
close_heart_rates,1.0,1-2-3,CONDITION_DEPENDENT,1,REJECT_NUMERIC,0,order_bound_too_wide,0.8000000000116415,191.61369410874335,0.4,1.0,-8.977761592378998e-15,1.2723401654301547,0.9990049845034602,0.6122276250126226
close_heart_rates,1.0,1-2-4,CONDITION_DEPENDENT,1,REJECT_NUMERIC,0,order_bound_too_wide,0.8000000000029104,96.21045740921922,0.4,1.0,-4.158636159957574e-15,1.9072692802340763,0.9990000000000001,0.6122276250126226
close_heart_rates,1.0,1-3-4,CONDITION_DEPENDENT,1,REJECT_NUMERIC,0,order_bound_too_wide,0.8000000000116415,74.0745976760992,0.4,1.0,4.655065901690634e-15,0.3667906957940452,0.9990000000000001,0.8049985969923703
close_heart_rates,1.0,2-3-4,CONDITION_DEPENDENT,1,REJECT_NUMERIC,0,order_bound_too_wide,0.8000000000116415,196.52789943871792,0.4,1.0,1.3807130225473441e-14,1.2963630815400926,0.9990000000000001,0.6077712603750741
close_heart_rates,3.0,0-1-2,CONDITION_DEPENDENT,1,REJECT_NUMERIC,0,order_bound_too_wide,0.7999999999941791,13.83974428625535,0.4,1.0,-1.2111005929798333e-15,0.27903704062013057,0.9990292700342858,0.8790113082693757
close_heart_rates,3.0,0-1-3,CONDITION_DEPENDENT,1,REJECT_NUMERIC,0,order_bound_too_wide,0.7999999999985448,7.008723810555207,0.4,1.0,-2.595215556385357e-16,0.4177652970134502,0.9990146079117046,0.8790113082693757
close_heart_rates,3.0,0-1-4,CONDITION_DEPENDENT,1,REJECT_NUMERIC,0,order_bound_too_wide,0.7999999999996361,4.731544259505371,0.4,1.0,-6.9638284096340416e-15,0.5559837873044345,0.9990000000000001,0.8790113082693757
close_heart_rates,3.0,0-2-3,CONDITION_DEPENDENT,1,REJECT_NUMERIC,0,order_bound_too_wide,0.7999999999941791,6.814112710654869,0.4,1.0,7.747359595559389e-16,0.10127681969321849,0.9990146079117046,0.9384266913755941
close_heart_rates,3.0,0-2-4,CONDITION_DEPENDENT,1,REJECT_NUMERIC,0,order_bound_too_wide,0.7999999999985448,3.4504034656482037,0.4,1.0,-2.2808660068045476e-15,0.13479960187462697,0.9990000000000001,0.9384266913755941
close_heart_rates,3.0,0-3-4,CONDITION_DEPENDENT,1,REJECT_NUMERIC,0,order_bound_too_wide,0.7999999999941791,4.672623270152643,0.4,1.0,-2.2148837815418207e-15,0.06069572584709729,0.9990000000000001,0.9582229336950397
close_heart_rates,3.0,1-2-3,CONDITION_DEPENDENT,1,REJECT_NUMERIC,0,order_bound_too_wide,0.8000000000029104,14.689031873225554,0.4,1.0,2.1660967963540332e-15,0.29030700522348857,0.9990146079117046,0.8747087254803849
close_heart_rates,3.0,1-2-4,CONDITION_DEPENDENT,1,REJECT_NUMERIC,0,order_bound_too_wide,0.7999999999985448,7.4369469785804645,0.4,1.0,-3.355007068037074e-15,0.4346535699856397,0.9990000000000001,0.8747087254803849
close_heart_rates,3.0,1-3-4,CONDITION_DEPENDENT,1,REJECT_NUMERIC,0,order_bound_too_wide,0.7999999999941791,7.206644273452541,0.4,1.0,-3.301881168582405e-15,0.10502935262403353,0.9990000000000001,0.9362587141536634
close_heart_rates,3.0,2-3-4,CONDITION_DEPENDENT,1,REJECT_NUMERIC,0,order_bound_too_wide,0.8000000000029104,15.575709438230989,0.4,1.0,-7.707112158673995e-15,0.30186476360276937,0.9990000000000001,0.870339358717704
close_heart_rates,8.0,0-1-2,CONDITION_DEPENDENT,1,REJECT_NUMERIC,0,order_bound_too_wide,0.7999999999985448,1.5692666315904027,0.4,1.0,2.327083255554741e-15,0.08554132191384181,0.9990740101177977,0.9604535683115792
close_heart_rates,8.0,0-1-3,CONDITION_DEPENDENT,1,REJECT_NUMERIC,0,order_bound_too_wide,0.7999999999996361,0.8121756531807566,0.4,1.0,3.1455746075084774e-15,0.12773542330665383,0.9990368275355347,0.9604535683115792
close_heart_rates,8.0,0-1-4,CONDITION_DEPENDENT,1,REJECT_NUMERIC,0,order_bound_too_wide,0.8000000000001819,0.5597005973095367,0.4,1.0,5.055387762067196e-15,0.1695795601413466,0.999,0.9604535683115792
close_heart_rates,8.0,0-2-3,CONDITION_DEPENDENT,1,REJECT_NUMERIC,0,order_bound_too_wide,0.7999999999985448,0.8809261861702394,0.4,1.0,-1.69462837125219e-16,0.034406500743720696,0.9990368275355347,0.97921902773389
close_heart_rates,8.0,0-2-4,CONDITION_DEPENDENT,1,REJECT_NUMERIC,0,order_bound_too_wide,0.8000000000007276,0.4555519227635951,0.4,1.0,2.1788079058956728e-16,0.04571163189555856,0.999,0.97921902773389
close_heart_rates,8.0,0-3-4,CONDITION_DEPENDENT,1,REJECT_NUMERIC,0,order_bound_too_wide,0.7999999999985448,0.6635387608323338,0.4,1.0,2.9208426271119397e-16,0.0220572182055404,0.999,0.9854515425854883
close_heart_rates,8.0,1-2-3,CONDITION_DEPENDENT,1,REJECT_NUMERIC,0,order_bound_too_wide,0.7999999999985448,1.8261327581956381,0.4,1.0,-1.5013500475693853e-15,0.09439628000414257,0.9990368275355347,0.9564564540528905
close_heart_rates,8.0,1-2-4,CONDITION_DEPENDENT,1,REJECT_NUMERIC,0,order_bound_too_wide,0.7999999999996361,0.9434333205763455,0.4,1.0,-1.8827741137086344e-15,0.14098474172678002,0.999,0.9564564540528905
close_heart_rates,8.0,1-3-4,CONDITION_DEPENDENT,1,REJECT_NUMERIC,0,order_bound_too_wide,0.7999999999985448,1.0161065942233771,0.4,1.0,1.794916203001869e-16,0.037720466439739926,0.999,0.9771779309663247
close_heart_rates,8.0,2-3-4,CONDITION_DEPENDENT,1,REJECT_NUMERIC,0,order_bound_too_wide,0.7999999999985448,2.1098512620180956,0.4,1.0,1.1155371431720654e-15,0.10370050324887947,0.999,0.9522889019641653
uncalibrated_delay,1.0,0-1-2,NOT_CERTIFIABLE,0,NOT_CERTIFIABLE,0,protocol_G0|imaginary_inconsistency,0.8002916810110037,6.598669981579039e-05,,,0.003391314055295192,1.343059650455388e-05,0.9999992897780706,0.9999943251445603
uncalibrated_delay,1.0,0-1-3,NOT_CERTIFIABLE,0,NOT_CERTIFIABLE,0,protocol_G0|imaginary_inconsistency,0.8002820449781209,3.360056446300871e-05,,,0.01275936535069673,2.222723730981014e-05,0.9999991579068873,0.9999943251445603
uncalibrated_delay,1.0,0-1-4,NOT_CERTIFIABLE,0,NOT_CERTIFIABLE,0,protocol_G0|imaginary_inconsistency,0.8002652057563409,2.3511633409140326e-05,,,0.031699401659200134,3.316754120569187e-05,0.9999990000000001,0.9999943251445603
uncalibrated_delay,1.0,0-2-3,NOT_CERTIFIABLE,0,NOT_CERTIFIABLE,0,protocol_G0|imaginary_inconsistency,0.8003043180637177,4.258344321601687e-05,,,0.003710867027477078,7.907306538541882e-06,0.9999991579068873,0.9999964590957348
uncalibrated_delay,1.0,0-2-4,NOT_CERTIFIABLE,0,NOT_CERTIFIABLE,0,protocol_G0|imaginary_inconsistency,0.8002873715095118,2.2839499417221638e-05,,,0.012107527385970287,1.191356352337405e-05,0.9999990000000001,0.9999964590957348
uncalibrated_delay,1.0,0-3-4,NOT_CERTIFIABLE,0,NOT_CERTIFIABLE,0,protocol_G0|imaginary_inconsistency,0.8003189849645421,3.6329013795909325e-05,,,0.00412184836488682,6.21658467700047e-06,0.9999990000000001,0.9999972271549727
uncalibrated_delay,1.0,1-2-3,NOT_CERTIFIABLE,0,NOT_CERTIFIABLE,0,protocol_G0|imaginary_inconsistency,0.8003314943585792,8.865215475774166e-05,,,0.0052770797050369035,2.2391213661158132e-05,0.9999991579068873,0.9999916044834628
uncalibrated_delay,1.0,1-2-4,NOT_CERTIFIABLE,0,NOT_CERTIFIABLE,0,protocol_G0|imaginary_inconsistency,0.800314347762014,4.666125564131613e-05,,,0.019695101552355192,3.800684201696297e-05,0.9999990000000001,0.9999916044834628
uncalibrated_delay,1.0,1-3-4,NOT_CERTIFIABLE,0,NOT_CERTIFIABLE,0,protocol_G0|imaginary_inconsistency,0.8003500252551019,5.399561283346178e-05,,,0.004777924715888733,1.0269271658719452e-05,0.9999990000000001,0.9999954485918525
uncalibrated_delay,1.0,2-3-4,NOT_CERTIFIABLE,0,NOT_CERTIFIABLE,0,protocol_G0|imaginary_inconsistency,0.8003822420134383,9.752285395792678e-05,,,0.0063496852101833255,2.3793303698213913e-05,0.9999990000000001,0.9999908626454532
delay_corrected,1.0,0-1-2,PASS,1,PASS,1,,0.7999999999996361,6.606538581352766e-05,0.7999396098655779,0.8000603893167864,-5.525843302829735e-16,1.3446611851421018e-05,0.9999992897780706,0.9999943182116278
delay_corrected,1.0,0-1-3,PASS,1,PASS,1,,0.799999999999909,3.363948743917841e-05,0.7999711024828684,0.8000288971985355,-9.649606961657896e-16,2.22529853959496e-05,0.9999991579068873,0.9999943182116278
delay_corrected,1.0,0-1-4,PASS,1,PASS,1,,0.8000000000000455,2.353800300925727e-05,0.7999810213096223,0.800018978494836,-2.3752878674850203e-15,3.32047404416291e-05,0.9999990000000001,0.9999943182116278
delay_corrected,1.0,0-2-3,PASS,1,PASS,1,,0.7999999999996361,4.263560976749885e-05,0.79996212579008,0.8000378737895515,-3.3758889323740677e-17,7.916993329521515e-06,0.9999991579068873,0.9999964546466867
delay_corrected,1.0,0-2-4,PASS,1,PASS,1,,0.799999999999909,2.2866714244958748e-05,0.7999809239350726,0.8000190758999451,-5.401422291798508e-16,1.1927759350222132e-05,0.9999990000000001,0.9999964546466867
delay_corrected,1.0,0-3-4,PASS,1,PASS,1,,0.7999999999996361,3.637501158867366e-05,0.7999684439764676,0.8000315556779243,-3.014901905481297e-16,6.224455773509752e-06,0.9999990000000001,0.9999972235549374
delay_corrected,1.0,1-2-3,PASS,1,PASS,1,,0.8000000000001819,8.876374981317244e-05,0.7999186576391366,0.8000813409156763,3.1972027973071256e-16,2.241939965095734e-05,0.9999991579068873,0.9999915936016621
delay_corrected,1.0,1-2-4,PASS,1,PASS,1,,0.799999999999909,4.671806193712422e-05,0.7999597638035992,0.800040235588449,-2.5923265924111826e-16,3.805311226581661e-05,0.9999990000000001,0.9999915936016621
delay_corrected,1.0,1-3-4,PASS,1,PASS,1,,0.7999999999996361,5.406587874286098e-05,0.7999517589611059,0.8000482403811475,-3.4154689295272936e-16,1.0282635331694012e-05,0.9999990000000001,0.999995442497459
delay_corrected,1.0,2-3-4,PASS,1,PASS,1,,0.7999999999996361,9.765279121286746e-05,0.7999106848803421,0.8000893133394129,-7.511122083768131e-16,2.3825005360368402e-05,0.9999990000000001,0.9999908500693733
uncalibrated_delay,5.0,0-1-2,NOT_CERTIFIABLE,0,NOT_CERTIFIABLE,0,protocol_G0|imaginary_inconsistency,0.8024024909871514,6.564201462317247e-05,,,0.016893594898665883,1.3360441037526902e-05,0.9999992897780706,0.9999943561461166
uncalibrated_delay,5.0,0-1-3,NOT_CERTIFIABLE,0,NOT_CERTIFIABLE,0,protocol_G0|imaginary_inconsistency,0.8020836947473982,3.343502453051278e-05,,,0.06357210138283848,2.2117730358881153e-05,0.9999991579068873,0.9999943561461166
uncalibrated_delay,5.0,0-1-4,NOT_CERTIFIABLE,0,NOT_CERTIFIABLE,0,protocol_G0|imaginary_inconsistency,0.8015817502763184,2.340389368202713e-05,,,0.15796513988483363,3.3015554239225825e-05,0.9999990000000001,0.9999943561461166
uncalibrated_delay,5.0,0-2-3,NOT_CERTIFIABLE,0,NOT_CERTIFIABLE,0,protocol_G0|imaginary_inconsistency,0.8025651994983491,4.2351000844323284e-05,,,0.018483140831224786,7.864144385678782e-06,0.9999991579068873,0.9999964794126025
uncalibrated_delay,5.0,0-2-4,NOT_CERTIFIABLE,0,NOT_CERTIFIABLE,0,protocol_G0|imaginary_inconsistency,0.802060455728224,2.2722107640332933e-05,,,0.060317757386826376,1.185232950219271e-05,0.9999990000000001,0.9999964794126025
uncalibrated_delay,5.0,0-3-4,NOT_CERTIFIABLE,0,NOT_CERTIFIABLE,0,protocol_G0|imaginary_inconsistency,0.802763089578002,3.611906872474869e-05,,,0.020526336325764,6.180659085413508e-06,0.9999990000000001,0.9999972440387194
uncalibrated_delay,5.0,1-2-3,NOT_CERTIFIABLE,0,NOT_CERTIFIABLE,0,protocol_G0|imaginary_inconsistency,0.8031548344921247,8.814332131480172e-05,,,0.02627347954885686,2.226269565310807e-05,0.9999991579068873,0.9999916557112656
uncalibrated_delay,5.0,1-2-4,NOT_CERTIFIABLE,0,NOT_CERTIFIABLE,0,protocol_G0|imaginary_inconsistency,0.802645227095945,4.6413421578343074e-05,,,0.09808191325208357,3.7804974537222485e-05,0.9999990000000001,0.9999916557112656
uncalibrated_delay,5.0,1-3-4,NOT_CERTIFIABLE,0,NOT_CERTIFIABLE,0,protocol_G0|imaginary_inconsistency,0.803447804260941,5.3665910985425254e-05,,,0.023783125162330013,1.0206566604249347e-05,0.9999990000000001,0.9999954781982623
uncalibrated_delay,5.0,2-3-4,NOT_CERTIFIABLE,0,NOT_CERTIFIABLE,0,protocol_G0|imaginary_inconsistency,0.8041736130391656,9.689765181179562e-05,,,0.03159256174714991,2.364076894423623e-05,0.9999990000000001,0.9999909257726034
delay_corrected,5.0,0-1-2,PASS,1,PASS,1,,0.7999999999996361,6.606538581352766e-05,0.7999396098655779,0.8000603893167864,-6.845447673654746e-16,1.3446611851421018e-05,0.9999992897780706,0.9999943182116278
delay_corrected,5.0,0-1-3,PASS,1,PASS,1,,0.799999999999909,3.363948743917841e-05,0.7999711024828684,0.8000288971985355,-1.2536241522837607e-15,2.22529853959496e-05,0.9999991579068873,0.9999943182116278
delay_corrected,5.0,0-1-4,PASS,1,PASS,1,,0.8000000000000455,2.3538003009257256e-05,0.7999810213096223,0.800018978494836,-2.3752878674850203e-15,3.320474044162908e-05,0.9999990000000001,0.9999943182116278
delay_corrected,5.0,0-2-3,PASS,1,PASS,1,,0.7999999999996361,4.263560976749885e-05,0.79996212579008,0.8000378737895515,-7.173763981294894e-17,7.916993329521515e-06,0.9999991579068873,0.9999964546466867
delay_corrected,5.0,0-2-4,PASS,1,PASS,1,,0.799999999999909,2.2866714244958737e-05,0.7999809239350726,0.8000190758999451,-3.7978750489208265e-16,1.1927759350222126e-05,0.9999990000000001,0.9999964546466867
delay_corrected,5.0,0-3-4,PASS,1,PASS,1,,0.7999999999996361,3.6375011588673634e-05,0.7999684439764676,0.8000315556779243,-1.7153752220841862e-16,6.224455773509748e-06,0.9999990000000001,0.9999972235549374
delay_corrected,5.0,1-2-3,PASS,1,PASS,1,,0.8000000000001819,8.876374981317244e-05,0.7999186576391366,0.8000813409156763,3.1972027973071256e-16,2.241939965095734e-05,0.9999991579068873,0.9999915936016621
delay_corrected,5.0,1-2-4,PASS,1,PASS,1,,0.799999999999909,4.6718061937124194e-05,0.7999597638035992,0.800040235588449,2.4195048195837706e-16,3.805311226581659e-05,0.9999990000000001,0.9999915936016621
delay_corrected,5.0,1-3-4,PASS,1,PASS,1,,0.7999999999996361,5.406587874286095e-05,0.7999517589611059,0.8000482403811475,-1.2143889527208156e-16,1.0282635331694007e-05,0.9999990000000001,0.999995442497459
delay_corrected,5.0,2-3-4,PASS,1,PASS,1,,0.7999999999996361,9.765279121286739e-05,0.7999106848803421,0.8000893133394129,-3.586391625582981e-16,2.3825005360368385e-05,0.9999990000000001,0.9999908500693733
uncalibrated_delay,20.0,0-1-2,NOT_CERTIFIABLE,0,NOT_CERTIFIABLE,0,protocol_G0|imaginary_inconsistency,0.8224391575196932,6.395924596637355e-05,,,0.06616607881945179,1.301793888325841e-05,0.9999992897780706,0.9999945146295782
uncalibrated_delay,20.0,0-1-3,NOT_CERTIFIABLE,0,NOT_CERTIFIABLE,0,protocol_G0|imaginary_inconsistency,0.817170970335519,3.2682222952217516e-05,,,0.24939835888387452,2.1619741721029855e-05,0.9999991579068873,0.9999945146295782
uncalibrated_delay,20.0,0-1-4,NOT_CERTIFIABLE,0,NOT_CERTIFIABLE,0,protocol_G0|imaginary_inconsistency,0.8090324406736047,2.296379968521299e-05,,,0.6204389129270087,3.239471962855875e-05,0.9999990000000001,0.9999945146295782
uncalibrated_delay,20.0,0-2-3,NOT_CERTIFIABLE,0,NOT_CERTIFIABLE,0,protocol_G0|imaginary_inconsistency,0.8241244397242554,4.1170986448719686e-05,,,0.07228268639694829,7.645027873690847e-06,0.9999991579068873,0.9999965879030603
uncalibrated_delay,20.0,0-2-4,NOT_CERTIFIABLE,0,NOT_CERTIFIABLE,0,protocol_G0|imaginary_inconsistency,0.8159478727620805,2.2167448480920285e-05,,,0.23630041872659804,1.1563007612567527e-05,0.9999990000000001,0.9999965879030603
uncalibrated_delay,20.0,0-3-4,NOT_CERTIFIABLE,0,NOT_CERTIFIABLE,0,protocol_G0|imaginary_inconsistency,0.8260701987288486,3.499799440154131e-05,,,0.08009897322832163,5.988821963200892e-06,0.9999990000000001,0.9999973388333918
uncalibrated_delay,20.0,1-2-3,NOT_CERTIFIABLE,0,NOT_CERTIFIABLE,0,protocol_G0|imaginary_inconsistency,0.8325147451774684,8.542944980028857e-05,,,0.10229044018818036,2.1577242749042157e-05,0.9999991579068873,0.9999919457071181
uncalibrated_delay,20.0,1-2-4,NOT_CERTIFIABLE,0,NOT_CERTIFIABLE,0,protocol_G0|imaginary_inconsistency,0.8242616364708738,4.5205983797594386e-05,,,0.38276361543538423,3.6821484137157175e-05,0.9999990000000001,0.9999919457071181
uncalibrated_delay,20.0,1-3-4,NOT_CERTIFIABLE,0,NOT_CERTIFIABLE,0,protocol_G0|imaginary_inconsistency,0.8356806108728051,5.180764447363383e-05,,,0.09235099021102793,9.853148194447337e-06,0.9999990000000001,0.9999956549175191
uncalibrated_delay,20.0,2-3-4,NOT_CERTIFIABLE,0,NOT_CERTIFIABLE,0,protocol_G0|imaginary_inconsistency,0.8457901025736646,9.321332123351886e-05,,,0.12203537044985782,2.2741878142585016e-05,0.9999990000000001,0.9999913220381663
delay_corrected,20.0,0-1-2,PASS,1,PASS,1,,0.7999999999996361,6.606538581352762e-05,0.7999396098655779,0.8000603893167864,-4.453664751534414e-16,1.3446611851421008e-05,0.9999992897780706,0.9999943182116278
delay_corrected,20.0,0-1-3,PASS,1,PASS,1,,0.799999999999909,3.363948743917837e-05,0.7999711024828684,0.8000288971985355,-5.113466936946919e-16,2.2252985395949574e-05,0.9999991579068873,0.9999943182116278
delay_corrected,20.0,0-1-4,PASS,1,PASS,1,,0.8000000000000455,2.3538003009257256e-05,0.7999810213096223,0.800018978494836,-1.237129097648448e-15,3.320474044162908e-05,0.9999990000000001,0.9999943182116278
delay_corrected,20.0,0-2-3,PASS,1,PASS,1,,0.7999999999996361,4.263560976749885e-05,0.79996212579008,0.8000378737895515,1.0971639030215726e-16,7.916993329521515e-06,0.9999991579068873,0.9999964546466867
delay_corrected,20.0,0-2-4,PASS,1,PASS,1,,0.799999999999909,2.286671424495875e-05,0.7999809239350726,0.8000190758999451,-8.439722330935175e-17,1.1927759350222134e-05,0.9999990000000001,0.9999964546466867
delay_corrected,20.0,0-3-4,PASS,1,PASS,1,,0.7999999999996361,3.637501158867368e-05,0.7999684439764676,0.8000315556779243,-1.50745095274065e-16,6.224455773509755e-06,0.9999990000000001,0.9999972235549374
delay_corrected,20.0,1-2-3,PASS,1,PASS,1,,0.7999999999996361,8.876374981317247e-05,0.7999186576391366,0.8000813409156763,5.357474957649784e-16,2.2419399650957347e-05,0.9999991579068873,0.9999915936016621
delay_corrected,20.0,1-2-4,PASS,1,PASS,1,,0.799999999999909,4.6718061937124296e-05,0.7999597638035992,0.800040235588449,5.011831411994959e-16,3.805311226581667e-05,0.9999990000000001,0.9999915936016621
delay_corrected,20.0,1-3-4,PASS,1,PASS,1,,0.7999999999996361,5.406587874286107e-05,0.7999517589611059,0.8000482403811475,-1.745684119536175e-16,1.0282635331694029e-05,0.9999990000000001,0.999995442497459
delay_corrected,20.0,2-3-4,PASS,1,PASS,1,,0.7999999999996361,9.76527912128677e-05,0.7999106848803421,0.8000893133394129,-5.278085788593832e-16,2.3825005360368463e-05,0.9999990000000001,0.9999908500693733
uncalibrated_delay,80.0,0-1-2,NOT_CERTIFIABLE,0,NOT_CERTIFIABLE,0,protocol_G0|imaginary_inconsistency,0.9854224554277604,5.3665640909077446e-05,,,0.2288952593356866,1.0922830982913067e-05,0.9999992897780706,0.9999954995317946
uncalibrated_delay,80.0,0-1-3,NOT_CERTIFIABLE,0,NOT_CERTIFIABLE,0,protocol_G0|imaginary_inconsistency,0.9098501752994254,2.8150313167669338e-05,,,0.8750123243296409,1.8621820827209757e-05,0.9999991579068873,0.9999954995317946
uncalibrated_delay,80.0,0-1-4,NOT_CERTIFIABLE,0,NOT_CERTIFIABLE,0,protocol_G0|imaginary_inconsistency,0.7931557341521965,2.0327836276266715e-05,,,2.187987421257945,2.8676201928766227e-05,0.9999990000000001,0.9999954995317946
uncalibrated_delay,80.0,0-2-3,NOT_CERTIFIABLE,0,NOT_CERTIFIABLE,0,protocol_G0|imaginary_inconsistency,0.9743963058859664,3.379261905105242e-05,,,0.24782696171792631,6.274941089694148e-06,0.9999991579068873,0.9999972689541594
uncalibrated_delay,80.0,0-2-4,NOT_CERTIFIABLE,0,NOT_CERTIFIABLE,0,protocol_G0|imaginary_inconsistency,0.8599317258042902,1.867295306309316e-05,,,0.819896617812034,9.740205265549739e-06,0.9999990000000001,0.9999972689541594
uncalibrated_delay,80.0,0-3-4,NOT_CERTIFIABLE,0,NOT_CERTIFIABLE,0,protocol_G0|imaginary_inconsistency,0.9506423058835936,2.7897855697462917e-05,,,0.27135170534191005,4.7738532959996435e-06,0.9999990000000001,0.9999979323015891
uncalibrated_delay,80.0,1-2-3,NOT_CERTIFIABLE,0,NOT_CERTIFIABLE,0,protocol_G0|imaginary_inconsistency|invariant_out_of_range,1.0,6.809161865492366e-05,,,0.33933577149097716,1.719816045084177e-05,0.9999991579068873,0.999993784878407
uncalibrated_delay,80.0,1-2-4,NOT_CERTIFIABLE,0,NOT_CERTIFIABLE,0,protocol_G0|imaginary_inconsistency,0.9281473895111958,3.7281504893930075e-05,,,1.2933356494557835,3.0366783902051578e-05,0.9999990000000001,0.999993784878407
uncalibrated_delay,80.0,1-3-4,NOT_CERTIFIABLE,0,NOT_CERTIFIABLE,0,protocol_G0|imaginary_inconsistency|invariant_out_of_range,1.0,3.988023588236423e-05,,,0.30280880613996397,7.584708360528352e-06,0.9999990000000001,0.9999967623414591
uncalibrated_delay,80.0,2-3-4,NOT_CERTIFIABLE,0,NOT_CERTIFIABLE,0,protocol_G0|imaginary_inconsistency|invariant_out_of_range,1.0,6.955884830518677e-05,,,0.3877675035478778,1.6970737990679748e-05,0.9999990000000001,0.9999937736599289
delay_corrected,80.0,0-1-2,PASS,1,PASS,1,,0.7999999999996361,6.606538581352787e-05,0.7999396098655779,0.8000603893167864,-1.8144560098843942e-15,1.3446611851421057e-05,0.9999992897780706,0.9999943182116278
delay_corrected,80.0,0-1-3,PASS,1,PASS,1,,0.799999999999909,3.3639487439178506e-05,0.7999711024828684,0.8000288971985355,-2.6804463782383098e-15,2.2252985395949665e-05,0.9999991579068873,0.9999943182116278
delay_corrected,80.0,0-1-4,PASS,1,PASS,1,,0.8000000000000455,2.3538003009257337e-05,0.7999810213096223,0.800018978494836,-3.3484960909684733e-15,3.3204740441629196e-05,0.9999990000000001,0.9999943182116278
delay_corrected,80.0,0-2-3,PASS,1,PASS,1,,0.7999999999996361,4.2635609767498925e-05,0.79996212579008,0.8000378737895515,1.3503555729496286e-16,7.916993329521529e-06,0.9999991579068873,0.9999964546466867
delay_corrected,80.0,0-2-4,PASS,1,PASS,1,,0.799999999999909,2.2866714244958778e-05,0.7999809239350726,0.8000190758999451,4.810641728633052e-16,1.1927759350222148e-05,0.9999990000000001,0.9999964546466867
delay_corrected,80.0,0-3-4,PASS,1,PASS,1,,0.7999999999996361,3.637501158867367e-05,0.7999684439764676,0.8000315556779243,1.7153752220841874e-16,6.224455773509754e-06,0.9999990000000001,0.9999972235549374
delay_corrected,80.0,1-2-3,PASS,1,PASS,1,,0.8000000000001819,8.876374981317238e-05,0.7999186576391366,0.8000813409156763,1.5121905122398565e-15,2.2419399650957327e-05,0.9999991579068873,0.9999915936016621
delay_corrected,80.0,1-2-4,PASS,1,PASS,1,,0.799999999999909,4.6718061937124194e-05,0.7999597638035992,0.800040235588449,3.6983859385066205e-15,3.805311226581659e-05,0.9999990000000001,0.9999915936016621
delay_corrected,80.0,1-3-4,PASS,1,PASS,1,,0.7999999999996361,5.406587874286095e-05,0.7999517589611059,0.8000482403811475,5.161153049063466e-16,1.0282635331694007e-05,0.9999990000000001,0.999995442497459
delay_corrected,80.0,2-3-4,PASS,1,PASS,1,,0.7999999999996361,9.765279121286739e-05,0.7999106848803421,0.8000893133394129,2.909713960378645e-16,2.3825005360368385e-05,0.9999990000000001,0.9999908500693733
short_dwell,1.0,0-1-2,NOT_CERTIFIABLE,0,NOT_CERTIFIABLE,0,protocol_G0|imaginary_inconsistency,0.7133406688375545,4.41359263460136e-05,,,0.28807751313932567,8.98320145973067e-06,0.9999992888390948,0.9999965413091452
short_dwell,1.0,0-1-3,NOT_CERTIFIABLE,0,NOT_CERTIFIABLE,0,protocol_G0|imaginary_inconsistency|invariant_out_of_range,0.4,1.9812225920598496e-05,,,0.5286463960462428,1.31060609906576e-05,0.9999991675799959,0.9999965413091452
short_dwell,1.0,0-1-4,NOT_CERTIFIABLE,0,NOT_CERTIFIABLE,0,protocol_G0|imaginary_inconsistency|invariant_out_of_range,0.4,1.3559175087003308e-05,,,0.9572836522786656,1.912774372530575e-05,0.9999990000000001,0.9999965413091452
short_dwell,1.0,0-2-3,NOT_CERTIFIABLE,0,NOT_CERTIFIABLE,0,protocol_G0|imaginary_inconsistency|invariant_out_of_range,0.4,2.7947499062549172e-05,,,0.062074098678973504,5.189562547869958e-06,0.9999991675799959,0.9999975927182052
short_dwell,1.0,0-2-4,NOT_CERTIFIABLE,0,NOT_CERTIFIABLE,0,protocol_G0|imaginary_inconsistency|invariant_out_of_range,0.4,1.4676696599812692e-05,,,0.19878301691463257,7.655673798319467e-06,0.9999990000000001,0.9999975927182052
short_dwell,1.0,0-3-4,NOT_CERTIFIABLE,0,NOT_CERTIFIABLE,0,protocol_G0|imaginary_inconsistency,0.511535825309329,2.9437057445833344e-05,,,0.0786751340857931,5.037239966980769e-06,0.9999990000000001,0.9999978444363605
short_dwell,1.0,1-2-3,NOT_CERTIFIABLE,0,NOT_CERTIFIABLE,0,protocol_G0|imaginary_inconsistency|invariant_out_of_range,0.4,5.237099981424382e-05,,,-0.0030434135516590145,1.3227543647344941e-05,0.9999991675799959,0.9999942305643508
short_dwell,1.0,1-2-4,NOT_CERTIFIABLE,0,NOT_CERTIFIABLE,0,protocol_G0|imaginary_inconsistency|invariant_out_of_range,0.4,2.714351984867577e-05,,,0.09588506224139978,2.2109123650745806e-05,0.9999990000000001,0.9999942305643508
short_dwell,1.0,1-3-4,NOT_CERTIFIABLE,0,NOT_CERTIFIABLE,0,protocol_G0|imaginary_inconsistency,0.6163617171037912,4.6393116471406095e-05,,,0.054663785692099225,8.823374550982694e-06,0.9999990000000001,0.9999961659614732
short_dwell,1.0,2-3-4,NOT_CERTIFIABLE,0,NOT_CERTIFIABLE,0,protocol_G0|imaginary_inconsistency|invariant_out_of_range,1.0,0.00011331418653240761,,,0.12205168006065326,2.764602084599362e-05,0.9999990000000001,0.9999901150758861
