relative_error,phase1,phase2,phase3,u_r,u_alpha,chain_contains
0.0001,0.0,0.0,0.0,0.12671982276961308,0.021295435298515134,1
0.0001,0.0,0.0,1.5707963267948966,0.6130154313473029,0.41561999404531214,1
0.0001,0.0,0.0,3.141592653589793,0.7802092506592363,0.23687461195441709,1
0.0001,0.0,0.0,4.71238898038469,0.49901449074951,0.15748354427623107,1
0.0001,0.0,1.5707963267948966,0.0,0.6003338423685224,0.407814080372128,1
0.0001,0.0,1.5707963267948966,1.5707963267948966,0.13148330741242964,0.013244166022934632,1
0.0001,0.0,1.5707963267948966,3.141592653589793,0.7504433576128134,0.1921175662316207,1
0.0001,0.0,1.5707963267948966,4.71238898038469,0.9520637915030713,0.5867210999434712,1
0.0001,0.0,3.141592653589793,0.0,0.9453292901165524,0.40498444467243855,1
0.0001,0.0,3.141592653589793,1.5707963267948966,0.48739613155196704,0.01036469025662915,1
0.0001,0.0,3.141592653589793,3.141592653589793,0.2837962065055886,0.18916219682412705,1
0.0001,0.0,3.141592653589793,4.71238898038469,0.8582865576053939,0.5838155526015674,1
0.0001,0.0,4.71238898038469,0.0,0.7410529196309121,0.024103769083754598,1
0.0001,0.0,4.71238898038469,1.5707963267948966,0.7720030990814973,0.41847816802095206,1
0.0001,0.0,4.71238898038469,3.141592653589793,0.35529751379131724,0.23980864899755341,1
0.0001,0.0,4.71238898038469,4.71238898038469,0.28160552453660936,0.15459932954231564,1
0.0001,1.5707963267948966,0.0,0.0,0.2815629277103371,0.11999307719065748,1
0.0001,1.5707963267948966,0.0,1.5707963267948966,0.7409325967281896,0.5142593778712706,1
0.0001,1.5707963267948966,0.0,3.141592653589793,0.7720050758998617,0.3355696857245184,1
0.0001,1.5707963267948966,0.0,4.71238898038469,0.35532773602291895,0.05873020298109186,1
0.0001,1.5707963267948966,1.5707963267948966,0.0,0.4990472554768152,0.3090594087760934,1
0.0001,1.5707963267948966,1.5707963267948966,1.5707963267948966,0.12672551116985017,0.08545223275746824,1
0.0001,1.5707963267948966,1.5707963267948966,3.141592653589793,0.6131142398195986,0.09336546189907924,1
0.0001,1.5707963267948966,1.5707963267948966,4.71238898038469,0.7803817132566839,0.487910713334298,1
0.0001,1.5707963267948966,3.141592653589793,0.0,0.9519688838691196,0.3062636394018321,1
0.0001,1.5707963267948966,3.141592653589793,1.5707963267948966,0.6002157109390779,0.08829785563604838,1
0.0001,1.5707963267948966,3.141592653589793,3.141592653589793,0.13152502140621014,0.09044395560007563,1
0.0001,1.5707963267948966,3.141592653589793,4.71238898038469,0.7505052402720986,0.4850390426550933,1
0.0001,1.5707963267948966,4.71238898038469,0.0,0.8580746321842985,0.12276755754796288,1
0.0001,1.5707963267948966,4.71238898038469,1.5707963267948966,0.9450277507804541,0.5170837119672448,1
0.0001,1.5707963267948966,4.71238898038469,3.141592653589793,0.48731862040822577,0.3384698726695293,1
0.0001,1.5707963267948966,4.71238898038469,4.71238898038469,0.28379424408163145,0.05587985189528771,1
0.0001,3.141592653589793,0.0,0.0,0.28372349963945165,0.18909666434369832,1
0.0001,3.141592653589793,0.0,1.5707963267948966,0.8579385957269934,0.583306932229946,1
0.0001,3.141592653589793,0.0,3.141592653589793,0.9450709202150858,0.4046093619629771,1
0.0001,3.141592653589793,0.0,4.71238898038469,0.48741812543992435,0.010365499704942622,1
0.0001,3.141592653589793,1.5707963267948966,0.0,0.3553915124437724,0.23992076614076024,1
0.0001,3.141592653589793,1.5707963267948966,1.5707963267948966,0.281555093453101,0.15453482887649214,1
0.0001,3.141592653589793,1.5707963267948966,3.141592653589793,0.741067950742145,0.02429074368104083,1
0.0001,3.141592653589793,1.5707963267948966,4.71238898038469,0.7722155760609268,0.4187799549487203,1
0.0001,3.141592653589793,3.141592653589793,0.0,0.7803223441348288,0.23706968981307835,1
0.0001,3.141592653589793,3.141592653589793,1.5707963267948966,0.4989743433781757,0.1574357320705237,1
0.0001,3.141592653589793,3.141592653589793,3.141592653589793,0.12672639595186436,0.021313945169552317,1
0.0001,3.141592653589793,3.141592653589793,4.71238898038469,0.6131624236825947,0.41585296541813493,1
0.0001,3.141592653589793,4.71238898038469,0.0,0.7503093151548881,0.1919264390427986,1
0.0001,3.141592653589793,4.71238898038469,1.5707963267948966,0.9516853112523077,0.5861865340340503,1
0.0001,3.141592653589793,4.71238898038469,3.141592653589793,0.6001517811891012,0.4075648283933618,1
0.0001,3.141592653589793,4.71238898038469,4.71238898038469,0.1315066581379305,0.013271157025905358,1
0.0001,4.71238898038469,0.0,0.0,0.13146494772692255,0.09039309010547997,1
0.0001,4.71238898038469,0.0,1.5707963267948966,0.750247463576854,0.48466162270004753,1
0.0001,4.71238898038469,0.0,3.141592653589793,0.9517802205985813,0.30590836276409566,1
0.0001,4.71238898038469,0.0,4.71238898038469,0.6002699009736724,0.08839377366091812,1
0.0001,4.71238898038469,1.5707963267948966,0.0,0.48749566335843797,0.33868137545271276,1
0.0001,4.71238898038469,1.5707963267948966,1.5707963267948966,0.2837254650981487,0.05583249925426239,1
0.0001,4.71238898038469,1.5707963267948966,3.141592653589793,0.8581505241779662,0.12304877846370216,1
0.0001,4.71238898038469,1.5707963267948966,4.71238898038469,0.9453724984236306,0.5175962787676861,1
0.0001,4.71238898038469,3.141592653589793,0.0,0.772213569624086,0.3357964385309738,1
0.0001,4.71238898038469,3.141592653589793,1.5707963267948966,0.35536126547695396,0.05876724937896353,1
0.0001,4.71238898038469,3.141592653589793,3.141592653589793,0.2815976890492413,0.12003812279974692,1
0.0001,4.71238898038469,3.141592653589793,4.71238898038469,0.7411882741190259,0.5146354185341178,1
0.0001,4.71238898038469,4.71238898038469,0.0,0.6130636060849198,0.09325671227610954,1
0.0001,4.71238898038469,4.71238898038469,1.5707963267948966,0.7801498946486538,0.48757505854610644,1
0.0001,4.71238898038469,4.71238898038469,3.141592653589793,0.49894159762433504,0.3088976734565811,1
0.0001,4.71238898038469,4.71238898038469,4.71238898038469,0.12672070693407092,0.08545425864721914,1
0.001,0.0,0.0,0.0,0.12636251689467876,0.021157299475449233,1
0.001,0.0,0.0,1.5707963267948966,0.6107700218416493,0.4135007339654875,1
0.001,0.0,0.0,3.141592653589793,0.7776834090576289,0.23538792514779472,1
0.001,0.0,0.0,4.71238898038469,0.49790361585620063,0.1572908262133473,1
0.001,0.0,1.5707963267948966,0.0,0.599599376892926,0.40788044266134615,1
0.001,0.0,1.5707963267948966,1.5707963267948966,0.13103860674038162,0.013088665488952832,1
0.001,0.0,1.5707963267948966,3.141592653589793,0.7491047062684291,0.19247993681904937,1
0.001,0.0,1.5707963267948966,4.71238898038469,0.9513023623467856,0.5876092120420944,1
0.001,0.0,3.141592653589793,0.0,0.9440457522352035,0.4056243977224157,1
0.001,0.0,3.141592653589793,1.5707963267948966,0.48603721074055,0.010333676516456168,1
0.001,0.0,3.141592653589793,3.141592653589793,0.2833892575087089,0.1889676832361224,1
0.001,0.0,3.141592653589793,4.71238898038469,0.8576313216760675,0.5845941099196924,1
0.001,0.0,4.71238898038469,0.0,0.7390695962352681,0.02320271207816974,1
0.001,0.0,4.71238898038469,1.5707963267948966,0.7690540158414811,0.4160451095492661,1
0.001,0.0,4.71238898038469,3.141592653589793,0.3539576061709928,0.23868651761504067,1
0.001,0.0,4.71238898038469,4.71238898038469,0.2811039170629562,0.154489412571199,1
0.001,1.5707963267948966,0.0,0.0,0.28067797058924543,0.1194803768345115,1
0.001,1.5707963267948966,0.0,1.5707963267948966,0.73786684833475,0.5112426775862458,1
0.001,1.5707963267948966,0.0,3.141592653589793,0.7690702953260609,0.3336850867540148,1
0.001,1.5707963267948966,0.0,4.71238898038469,0.35425694470998104,0.058411589185847365,1
0.001,1.5707963267948966,1.5707963267948966,0.0,0.4982308437579558,0.30898718236372236,1
0.001,1.5707963267948966,1.5707963267948966,1.5707963267948966,0.1264191254085495,0.08522198104444775,1
0.001,1.5707963267948966,1.5707963267948966,3.141592653589793,0.6117551737520028,0.09361252348943437,1
0.001,1.5707963267948966,1.5707963267948966,4.71238898038469,0.7794041580957097,0.4881582407345358,1
0.001,1.5707963267948966,3.141592653589793,0.0,0.9503545454060346,0.30706982308870046,1
0.001,1.5707963267948966,3.141592653589793,1.5707963267948966,0.5984198259411795,0.08763964583124977,1
0.001,1.5707963267948966,3.141592653589793,3.141592653589793,0.13145477176476553,0.09043860922336273,1
0.001,1.5707963267948966,3.141592653589793,4.71238898038469,0.7497229611293935,0.48548283944232984,1
0.001,1.5707963267948966,4.71238898038469,0.0,0.8555141460447072,0.1211884053857776,1
0.001,1.5707963267948966,4.71238898038469,1.5707963267948966,0.9410360610819096,0.5134510258254165,1
0.001,1.5707963267948966,4.71238898038469,3.141592653589793,0.4852637386955368,0.3366466397235484,1
0.001,1.5707963267948966,4.71238898038469,4.71238898038469,0.2833688901670809,0.05594857179120126,1
0.001,3.141592653589793,0.0,0.0,0.2826624477426297,0.1883129720727073,1
0.001,3.141592653589793,0.0,1.5707963267948966,0.8541551224813709,0.5795172593693875,1
0.001,3.141592653589793,0.0,3.141592653589793,0.9414634415190893,0.4018809963010882,1
0.001,3.141592653589793,0.0,4.71238898038469,0.48625423332008294,0.010341698133979572,1
0.001,3.141592653589793,1.5707963267948966,0.0,0.35489429542659534,0.23980420802402685,1
0.001,3.141592653589793,1.5707963267948966,1.5707963267948966,0.2806000015008962,0.15384557526914583,1
0.001,3.141592653589793,1.5707963267948966,3.141592653589793,0.7392177945374748,0.025067569687688893,1
0.001,3.141592653589793,1.5707963267948966,4.71238898038469,0.7711721050146748,0.41905454488773414,1
0.001,3.141592653589793,3.141592653589793,0.0,0.7788113062478836,0.23733362997404106,1
0.001,3.141592653589793,3.141592653589793,1.5707963267948966,0.4975027159989345,0.15681379419132432,1
0.001,3.141592653589793,3.141592653589793,3.141592653589793,0.1264280749782855,0.021341918050701684,1
0.001,3.141592653589793,3.141592653589793,4.71238898038469,0.6122366100165254,0.4158247415639031,1
0.001,3.141592653589793,4.71238898038469,0.0,0.7477651833605438,0.19057294955116802,1
0.001,3.141592653589793,4.71238898038469,1.5707963267948966,0.9475233462379863,0.5822748969319502,1
0.001,3.141592653589793,4.71238898038469,3.141592653589793,0.5977814897659726,0.4053930180225276,1
0.001,3.141592653589793,4.71238898038469,4.71238898038469,0.13127117845027603,0.013357843900704509,1
0.001,4.71238898038469,0.0,0.0,0.13085537286083831,0.08993112123611098,1
0.001,4.71238898038469,0.0,1.5707963267948966,0.7471500350397358,0.48171721212557556,1
0.001,4.71238898038469,0.0,3.141592653589793,0.9484713371310757,0.303525762036165,1
0.001,4.71238898038469,0.0,4.71238898038469,0.5989598804386904,0.08859628053241377,1
0.001,4.71238898038469,1.5707963267948966,0.0,0.48703038413555616,0.33875675302319236,1
0.001,4.71238898038469,1.5707963267948966,1.5707963267948966,0.28268311802294455,0.055476315849801096,1
0.001,4.71238898038469,1.5707963267948966,3.141592653589793,0.8562725995030087,0.123993565009422,1
0.001,4.71238898038469,1.5707963267948966,4.71238898038469,0.9444770154011918,0.5185647691142155,1
0.001,4.71238898038469,3.141592653589793,0.0,0.7711528732038051,0.33594807373925206,1
0.001,4.71238898038469,3.141592653589793,1.5707963267948966,0.3545924882851386,0.05878127882847035,1
0.001,4.71238898038469,3.141592653589793,3.141592653589793,0.2810258235207312,0.119930153488559,1
0.001,4.71238898038469,3.141592653589793,4.71238898038469,0.7404205900221397,0.5149958486916208,1
0.001,4.71238898038469,4.71238898038469,0.0,0.6112505477801132,0.09252790050303741,1
0.001,4.71238898038469,4.71238898038469,1.5707963267948966,0.7770918632630759,0.48481029904233336,1
0.001,4.71238898038469,4.71238898038469,3.141592653589793,0.49717738026222014,0.30737424594772517,1
0.001,4.71238898038469,4.71238898038469,4.71238898038469,0.12637140468206456,0.08524232011908192,1
0.005,0.0,0.0,0.0,0.12477769446437054,0.020549394970545476,1
0.005,0.0,0.0,1.5707963267948966,0.6008399969438974,0.40418124686515344,1
0.005,0.0,0.0,3.141592653589793,0.7664984373811725,0.22886973277165734,1
0.005,0.0,0.0,4.71238898038469,0.49295688283989547,0.15642397545589037,1
0.005,0.0,1.5707963267948966,0.0,0.5963186302698985,0.4081617280884146,1
0.005,0.0,1.5707963267948966,1.5707963267948966,0.12907497681575533,0.012403489066698315,1
0.005,0.0,1.5707963267948966,3.141592653589793,0.7431474833783293,0.19406902335011872,1
0.005,0.0,1.5707963267948966,4.71238898038469,0.9478778311217891,0.5915436212684545,1
0.005,0.0,3.141592653589793,0.0,0.9383275291368213,0.4084502854327398,1
0.005,0.0,3.141592653589793,1.5707963267948966,0.4800232101277734,0.010185229410901147,1
0.005,0.0,3.141592653589793,3.141592653589793,0.2815815268869638,0.18810135610112183,1
0.005,0.0,3.141592653589793,4.71238898038469,0.8546996836831467,0.5880380869077767,1
0.005,0.0,4.71238898038469,0.0,0.7302908151193039,0.019260395133522085,1
0.005,0.0,4.71238898038469,1.5707963267948966,0.7560480191565131,0.4053987792976027,1
0.005,0.0,4.71238898038469,3.141592653589793,0.34805479171639164,0.23376178459345628,1
0.005,0.0,4.71238898038469,4.71238898038469,0.27887428077078413,0.15399481462602627,1
0.005,1.5707963267948966,0.0,0.0,0.2767449682621536,0.11721282937158786,1
0.005,1.5707963267948966,0.0,1.5707963267948966,0.7242878499807671,0.4899398792518667,1
0.005,1.5707963267948966,0.0,3.141592653589793,0.7560525686166901,0.32539853330881935,1
0.005,1.5707963267948966,0.0,4.71238898038469,0.349487723140733,0.05699837281274872,1
0.005,1.5707963267948966,1.5707963267948966,0.0,0.49458353366317276,0.30864986474275763,1
0.005,1.5707963267948966,1.5707963267948966,1.5707963267948966,0.1250546134000483,0.08419784687915224,1
0.005,1.5707963267948966,1.5707963267948966,3.141592653589793,0.6057007120561413,0.09469021986667887,1
0.005,1.5707963267948966,1.5707963267948966,4.71238898038469,0.7750156745250508,0.4892306588280211,1
0.005,1.5707963267948966,3.141592653589793,0.0,0.9431669814497042,0.31063240331446373,1
0.005,1.5707963267948966,3.141592653589793,1.5707963267948966,0.590460228048883,0.08475617048628653,1
0.005,1.5707963267948966,3.141592653589793,3.141592653589793,0.1311341905233143,0.09040786133298645,1
0.005,1.5707963267948966,3.141592653589793,4.71238898038469,0.7462259965429113,0.48744448429197096,1
0.005,1.5707963267948966,4.71238898038469,0.0,0.8441600965500088,0.11426240022120322,1
0.005,1.5707963267948966,4.71238898038469,1.5707963267948966,0.9234056509216022,0.4908478956811012,1
0.005,1.5707963267948966,4.71238898038469,3.141592653589793,0.476192261323873,0.328637609617595,1
0.005,1.5707963267948966,4.71238898038469,4.71238898038469,0.2814631867640068,0.056255643914851314,1
0.005,3.141592653589793,0.0,0.0,0.277953239725525,0.18484135365794752,1
0.005,3.141592653589793,0.0,1.5707963267948966,0.837394900336787,0.48817611241493414,1
0.005,3.141592653589793,0.0,3.141592653589793,0.9254469255757994,0.3898972185327789,1
0.005,3.141592653589793,0.0,4.71238898038469,0.48104338805500396,0.010223516891504381,1
0.005,3.141592653589793,1.5707963267948966,0.0,0.3526651424631463,0.23927332921376052,1
0.005,3.141592653589793,1.5707963267948966,1.5707963267948966,0.2763635174604244,0.15080162022565022,1
0.005,3.141592653589793,1.5707963267948966,3.141592653589793,0.7309849079258225,0.028476707579322497,1
0.005,3.141592653589793,1.5707963267948966,4.71238898038469,0.7664902365184778,0.4202602667100755,1
0.005,3.141592653589793,3.141592653589793,0.0,0.7720703412105041,0.2384861874933413,1
0.005,3.141592653589793,3.141592653589793,1.5707963267948966,0.49096522095155365,0.15406306382877316,1
0.005,3.141592653589793,3.141592653589793,3.141592653589793,0.12510162518388968,0.02146183977507686,1
0.005,3.141592653589793,3.141592653589793,4.71238898038469,0.608098865927124,0.41567502190770195,1
0.005,3.141592653589793,4.71238898038469,0.0,0.7364698532533702,0.18462883396068064,1
0.005,3.141592653589793,4.71238898038469,1.5707963267948966,0.9291115689511052,0.48905099206433567,1
0.005,3.141592653589793,4.71238898038469,3.141592653589793,0.5872896395205829,0.3958371838181435,1
0.005,3.141592653589793,4.71238898038469,4.71238898038469,0.13021698078817395,0.01373306678956826,1
0.005,4.71238898038469,0.0,0.0,0.12816689699944167,0.08789627388367084,1
0.005,4.71238898038469,0.0,1.5707963267948966,0.7334688315162692,0.46880557000465845,1
0.005,4.71238898038469,0.0,3.141592653589793,0.9338270904048424,0.2931036743240216,1
0.005,4.71238898038469,0.0,4.71238898038469,0.5931194958670379,0.08948296027708424,1
0.005,4.71238898038469,1.5707963267948966,0.0,0.4849414324158139,0.33907955065030027,1
0.005,4.71238898038469,1.5707963267948966,1.5707963267948966,0.2780790770011718,0.05392240232547039,1
0.005,4.71238898038469,1.5707963267948966,3.141592653589793,0.847941829276474,0.12813273089413213,1
0.005,4.71238898038469,1.5707963267948966,4.71238898038469,0.9404653403571653,0.5228668190434076,1
0.005,4.71238898038469,3.141592653589793,0.0,0.7664129592817168,0.33661313782002833,1
0.005,4.71238898038469,3.141592653589793,1.5707963267948966,0.35117104565830054,0.058829606930351205,1
0.005,4.71238898038469,3.141592653589793,3.141592653589793,0.27848956394486324,0.11944664630612621,1
0.005,4.71238898038469,3.141592653589793,4.71238898038469,0.7369890844767772,0.5165768377747316,1
0.005,4.71238898038469,4.71238898038469,0.0,0.6032156426138379,0.08933074039854302,1
0.005,4.71238898038469,4.71238898038469,1.5707963267948966,0.7635851824654988,0.47268116333609533,1
0.005,4.71238898038469,4.71238898038469,3.141592653589793,0.48938530441809736,0.30068278947798743,1
0.005,4.71238898038469,4.71238898038469,4.71238898038469,0.1248231446819215,0.08430133077292826,1
0.01,0.0,0.0,0.0,0.12280403642985958,0.01980331208254223,1
0.01,0.0,0.0,1.5707963267948966,0.5885407164280816,0.24004397819998727,1
0.01,0.0,0.0,3.141592653589793,0.752611632327759,0.22092343590934813,1
0.01,0.0,0.0,4.71238898038469,0.48675192326300387,0.1553166838745545,1
0.01,0.0,1.5707963267948966,0.0,0.5921795470459762,0.4084813641243052,1
0.01,0.0,1.5707963267948966,1.5707963267948966,0.1266495982362089,0.01156078122126991,1
0.01,0.0,1.5707963267948966,3.141592653589793,0.7356833235315702,0.19600616562288203,1
0.01,0.0,1.5707963267948966,4.71238898038469,0.9435032968689205,0.5964310576561788,1
0.01,0.0,3.141592653589793,0.0,0.9311487127578997,0.41194092963467654,1
0.01,0.0,3.141592653589793,1.5707963267948966,0.4725642085650233,0.009976485220156381,1
0.01,0.0,3.141592653589793,3.141592653589793,0.2793238511803578,0.18701431612210878,1
0.01,0.0,3.141592653589793,4.71238898038469,0.8509901542295379,0.592304965337091,1
0.01,0.0,4.71238898038469,0.0,0.7193998189632711,0.014473181439021748,1
0.01,0.0,4.71238898038469,1.5707963267948966,0.7400202223671593,0.24094392205071155,1
0.01,0.0,4.71238898038469,3.141592653589793,0.34079505263221666,0.22774669744981815,1
0.01,0.0,4.71238898038469,4.71238898038469,0.2760867154011174,0.15336255234677865,1
0.01,1.5707963267948966,0.0,0.0,0.27182884438328536,0.11440375098528732,1
0.01,1.5707963267948966,0.0,1.5707963267948966,0.7074212077644667,0.23709071988299762,1
0.01,1.5707963267948966,0.0,3.141592653589793,0.7398402922289157,0.24040003169821067,1
0.01,1.5707963267948966,0.0,4.71238898038469,0.3435029850691145,0.055238870832538145,1
0.01,1.5707963267948966,1.5707963267948966,0.0,0.4899807162527534,0.3081899143629048,1
0.01,1.5707963267948966,1.5707963267948966,1.5707963267948966,0.12334256088173946,0.08291589329405327,1
0.01,1.5707963267948966,1.5707963267948966,3.141592653589793,0.5981001185989382,0.09599031786138214,1
0.01,1.5707963267948966,1.5707963267948966,4.71238898038469,0.769428217219306,0.4905057603878402,1
0.01,1.5707963267948966,3.141592653589793,0.0,0.9341533378824698,0.3150391866361044,1
0.01,1.5707963267948966,3.141592653589793,1.5707963267948966,0.580561895393516,0.08124669476704958,1
0.01,1.5707963267948966,3.141592653589793,3.141592653589793,0.13071424216834376,0.09035341334282326,1
0.01,1.5707963267948966,3.141592653589793,4.71238898038469,0.7418081927363822,0.48987089071802803,1
0.01,1.5707963267948966,4.71238898038469,0.0,0.8300271769728459,0.10581418807657848,1
0.01,1.5707963267948966,4.71238898038469,1.5707963267948966,0.9016207562869994,0.23802247335159263,1
0.01,1.5707963267948966,4.71238898038469,3.141592653589793,0.4649932504338154,0.2413603263062093,1
0.01,1.5707963267948966,4.71238898038469,4.71238898038469,0.2790459632975093,0.05664267000001042,1
0.01,3.141592653589793,0.0,0.0,0.27208171823319793,0.18052784449967185,1
0.01,3.141592653589793,0.0,1.5707963267948966,0.8165721379222596,0.23536635842862966,1
0.01,3.141592653589793,0.0,3.141592653589793,0.9054653234470103,0.23865715130603615,1
0.01,3.141592653589793,0.0,4.71238898038469,0.47444163423902924,0.010047627850437876,1
0.01,3.141592653589793,1.5707963267948966,0.0,0.34983380975825756,0.23857955950656942,1
0.01,3.141592653589793,1.5707963267948966,1.5707963267948966,0.2710873697786054,0.14704115951700178,1
0.01,3.141592653589793,1.5707963267948966,3.141592653589793,0.7206710005111898,0.03263872208108958,1
0.01,3.141592653589793,1.5707963267948966,4.71238898038469,0.7605351121521856,0.42173227364367577,1
0.01,3.141592653589793,3.141592653589793,0.0,0.7635861378918899,0.23987924624237847,1
0.01,3.141592653589793,3.141592653589793,1.5707963267948966,0.4828010842036832,0.15065557018861242,1
0.01,3.141592653589793,3.141592653589793,3.141592653589793,0.12344225367555928,0.02160161330284367,1
0.01,3.141592653589793,3.141592653589793,4.71238898038469,0.6028734600292069,0.4154312182238114,1
0.01,3.141592653589793,4.71238898038469,0.0,0.7223777913575854,0.17736063287977546,1
0.01,3.141592653589793,4.71238898038469,1.5707963267948966,0.90629388673926,0.23623269752073603,1
0.01,3.141592653589793,4.71238898038469,3.141592653589793,0.5742722145537432,0.2395509114222079,1
0.01,3.141592653589793,4.71238898038469,4.71238898038469,0.12888117200531427,0.014178950871710973,1
0.01,4.71238898038469,0.0,0.0,0.12485376948452857,0.08539453300581172,1
0.01,4.71238898038469,0.0,1.5707963267948966,0.7165620292546524,0.23834249631108334,1
0.01,4.71238898038469,0.0,3.141592653589793,0.9156641473280662,0.2416791455644072,1
0.01,4.71238898038469,0.0,4.71238898038469,0.5857779919180173,0.09056011612136888,1
0.01,4.71238898038469,1.5707963267948966,0.0,0.4822816005553734,0.3394543909304753,1
0.01,4.71238898038469,1.5707963267948966,1.5707963267948966,0.272389220063916,0.05204543066750413,1
0.01,4.71238898038469,1.5707963267948966,3.141592653589793,0.8375635152472516,0.13317150625672017,1
0.01,4.71238898038469,1.5707963267948966,4.71238898038469,0.9353767459232449,0.5282380138995447,1
0.01,4.71238898038469,3.141592653589793,0.0,0.7604295273183264,0.3374237153393086,1
0.01,4.71238898038469,3.141592653589793,1.5707963267948966,0.3468839607940122,0.05885824947580023,1
0.01,4.71238898038469,3.141592653589793,3.141592653589793,0.2753314022779156,0.11883389119960854,1
0.01,4.71238898038469,3.141592653589793,4.71238898038469,0.7326545698943758,0.5185043747677469,1
0.01,4.71238898038469,4.71238898038469,0.0,0.5932252663483987,0.08542953901379478,1
0.01,4.71238898038469,4.71238898038469,1.5707963267948966,0.7468949989769929,0.23917796687754997,1
0.01,4.71238898038469,4.71238898038469,3.141592653589793,0.479756378836003,0.24254159619993446,1
0.01,4.71238898038469,4.71238898038469,4.71238898038469,0.12289739930285071,0.08312730783978499,1
