order,damping,morphology_abs,frequencies,relative_error,draws,certifiable,primary_pass_0p02,exploratory_pass_0p05,chain_coverage,disk_true_feasible,max_u_w,max_u_r,max_u_alpha,p95_u_alpha,median_chain_width,median_disk_width_subset
0.5,0.3,1.0198039,0.7-1.0-1.4,0.0001,128,128,128,128,1.0,1.0,0.997147648534499,0.8853039067788468,0.8466301967921332,0.5356444740789129,0.014219389181744202,0.012989799290374388
0.5,0.3,1.0198039,0.7-1.0-1.4,0.001,128,128,0,0,1.0,1.0,0.9986039621570323,0.8743222681764312,0.7595707927077301,0.5925685009409918,0.1410646525651827,0.14092281299504536
0.5,0.3,1.0198039,0.7-1.0-1.4,0.005,128,128,0,0,1.0,1.0,0.9968286532837305,0.7908313029224447,0.6537679074379696,0.43339933818254184,0.445872114010035,0.4910371473370147
0.5,0.3,1.0198039,0.7-1.0-1.4,0.01,128,128,0,0,1.0,1.0,0.9966490984055675,0.6952570254888896,0.447163415065537,0.3857428103131586,0.6,0.6
0.5,0.3,1.0198039,0.7-1.4-2.6,0.0001,128,128,128,128,1.0,1.0,0.9997083946648173,0.8598129710199367,0.733443366167513,0.5046510219132277,0.00350995206592869,0.0034688701256233856
0.5,0.3,1.0198039,0.7-1.4-2.6,0.001,128,128,128,128,1.0,1.0,0.9998014779485068,0.908597748169221,0.8259128681638802,0.5773737689118769,0.03510993629183751,0.03475057350038627
0.5,0.3,1.0198039,0.7-1.4-2.6,0.005,128,128,0,0,1.0,1.0,0.9966919394585187,0.812810085256101,0.768900043805636,0.5308477242373976,0.17501641537774032,0.15547169279120107
0.5,0.3,1.0198039,0.7-1.4-2.6,0.01,128,128,0,0,1.0,1.0,0.9963053613404641,0.8557579882629743,0.5605712843280136,0.5001876868413958,0.2736997554243772,0.2915995651419026
0.5,0.3,1.0198039,0.7-1.9-2.6,0.0001,128,128,128,128,1.0,1.0,0.9988283349166591,0.9402762455547675,0.8848758973550608,0.5893195255308831,0.005554910696810106,0.005644896249928394
0.5,0.3,1.0198039,0.7-1.9-2.6,0.001,128,128,0,128,1.0,1.0,0.9982570516814572,0.910974862501629,0.6606929256838937,0.5316544155526863,0.05540160314494638,0.051060385061582475
0.5,0.3,1.0198039,0.7-1.9-2.6,0.005,128,128,0,0,1.0,1.0,0.9954640384951705,0.8235304223060866,0.675726866102557,0.5488526406225231,0.2342886367872778,0.21369115479556605
0.5,0.3,1.0198039,0.7-1.9-2.6,0.01,128,128,0,0,1.0,1.0,0.9944085855923249,0.8733466181287238,0.6373017701602862,0.4343794375595071,0.34947716784663474,0.3641766275313027
0.5,0.3,1.0198039,1.0-1.4-1.9,0.0001,128,128,128,128,1.0,1.0,0.9971504909804262,0.7981484927994617,0.6491809643722999,0.5398102806097076,0.016016348063931152,0.015068507928196945
0.5,0.3,1.0198039,1.0-1.4-1.9,0.001,128,128,0,0,1.0,1.0,0.998973662429336,0.7655198215364568,0.7331745415344308,0.6037648181800165,0.16077736310735427,0.1647262877525953
0.5,0.3,1.0198039,1.0-1.4-1.9,0.005,128,128,0,0,1.0,1.0,0.9985139481493117,0.7454305666246468,0.5814412754812845,0.4358378093624891,0.5020200150117489,0.42762385506106027
0.5,0.3,1.0198039,1.0-1.4-1.9,0.01,128,128,0,0,1.0,1.0,0.9977033945233948,0.7921269438110662,0.4470457384291985,0.32762648261923816,0.6,0.6
0.5,0.3,1.25299641,0.7-1.0-1.4,0.0001,128,128,128,128,1.0,1.0,0.9996617491934647,0.8322325314453937,0.7609126411799784,0.5880310621643796,0.014048368013709372,0.01345557951649401
0.5,0.3,1.25299641,0.7-1.0-1.4,0.001,128,128,0,0,1.0,1.0,0.9992761599943435,0.8547525590327439,0.7701104979030087,0.5983361167411391,0.141607610261872,0.13730941961599746
0.5,0.3,1.25299641,0.7-1.0-1.4,0.005,128,128,0,0,1.0,1.0,0.9971907674801143,0.7844990848008593,0.6123458864193729,0.3314979720568745,0.4538828120420475,0.42165987206572514
0.5,0.3,1.25299641,0.7-1.0-1.4,0.01,128,128,0,0,1.0,1.0,0.9987230772247181,0.7670917785046966,0.4908083818584286,0.34684911040406946,0.6,0.6
0.5,0.3,1.25299641,0.7-1.4-2.6,0.0001,128,128,128,128,1.0,1.0,0.9995386140455954,0.8175274190289489,0.6593966520437194,0.5765722575671496,0.003501056526510865,0.0032367328630874825
0.5,0.3,1.25299641,0.7-1.4-2.6,0.001,128,128,128,128,1.0,1.0,0.9999407852590482,0.8076936542327843,0.7238759834899214,0.5285302557535413,0.03539486322176813,0.03534662111290812
0.5,0.3,1.25299641,0.7-1.4-2.6,0.005,128,128,0,0,1.0,1.0,0.9949469034846317,0.829316235107553,0.7580151667417782,0.5621197794764169,0.1758810793411158,0.17078079365779278
0.5,0.3,1.25299641,0.7-1.4-2.6,0.01,128,128,0,0,1.0,1.0,0.9969086044749622,0.8030221057242406,0.6038785963854068,0.5149527134505675,0.275394522435522,0.25991695759958466
0.5,0.3,1.25299641,0.7-1.9-2.6,0.0001,128,128,128,128,1.0,1.0,0.9993530229838807,0.8123181394504054,0.7225443800046456,0.5292527201658949,0.0055706108320011105,0.005566435360962296
0.5,0.3,1.25299641,0.7-1.9-2.6,0.001,128,128,0,128,1.0,1.0,0.999011189165274,0.9206063336381857,0.757471117020628,0.5991306987681009,0.055866816017714954,0.05441587165595105
0.5,0.3,1.25299641,0.7-1.9-2.6,0.005,128,128,0,0,1.0,1.0,0.9979318609549236,0.8608739955136953,0.6836359273919866,0.6167260670936311,0.22854632818198284,0.2337941362759268
0.5,0.3,1.25299641,0.7-1.9-2.6,0.01,128,128,0,0,1.0,1.0,0.9923234329369998,0.7665193458853612,0.5869803580960811,0.45288982704238767,0.36808413914968685,0.3437381287100901
0.5,0.3,1.25299641,1.0-1.4-1.9,0.0001,128,128,128,128,1.0,1.0,0.9996185358110402,0.8756629512013738,0.8277577339879807,0.5824291492142973,0.01604078678856241,0.015954476305974935
0.5,0.3,1.25299641,1.0-1.4-1.9,0.001,128,128,0,0,1.0,1.0,0.9990846985226548,0.8460174271690996,0.6845140525410146,0.568039673544974,0.1607875901017905,0.1479896170968876
0.5,0.3,1.25299641,1.0-1.4-1.9,0.005,128,128,0,0,1.0,1.0,0.9979719795083015,0.8616611464508499,0.6032072728881005,0.37854651168401937,0.48611930133229186,0.5470003605605177
0.5,0.3,1.25299641,1.0-1.4-1.9,0.01,128,128,0,0,1.0,1.0,0.9949863667529351,0.8082421822532797,0.4536006510851099,0.36862134755408166,0.6,0.6
0.5,0.8,1.0198039,0.7-1.0-1.4,0.0001,128,128,128,128,1.0,1.0,0.9987769542153568,0.8542894533129229,0.7522250805013282,0.5154373335387249,0.019828940419120006,0.019804851977570953
0.5,0.8,1.0198039,0.7-1.0-1.4,0.001,128,128,0,0,1.0,1.0,0.9985591609622346,0.8578368398310909,0.6743595258993792,0.582176608396258,0.18664124554861689,0.19328571091384988
0.5,0.8,1.0198039,0.7-1.0-1.4,0.005,128,128,0,0,1.0,1.0,0.9958758472181007,0.8219900804087491,0.5517471451815646,0.43371960848610513,0.5848331803267683,0.6
0.5,0.8,1.0198039,0.7-1.0-1.4,0.01,128,128,0,0,1.0,1.0,0.9992844573140547,0.7152138778874891,0.32443812872290057,0.30085559742032875,0.6,0.6
0.5,0.8,1.0198039,0.7-1.4-2.6,0.0001,128,128,128,128,1.0,1.0,0.9982934577973652,0.818571522161531,0.7386630129848116,0.5139213293514776,0.0047911987015597235,0.004614077268762062
0.5,0.8,1.0198039,0.7-1.4-2.6,0.001,128,128,0,128,1.0,1.0,0.9970883435304662,0.917955955467949,0.7841095416236433,0.5094908570968384,0.04848165609187163,0.047806573216181675
0.5,0.8,1.0198039,0.7-1.4-2.6,0.005,128,128,0,0,1.0,1.0,0.9976227389605407,0.8131794207011313,0.6976249246354846,0.5176034491789975,0.21584094657696373,0.18780358505308367
0.5,0.8,1.0198039,0.7-1.4-2.6,0.01,128,128,0,0,1.0,1.0,0.9982810332068994,0.8434054101294546,0.5547094389716778,0.3902086627392542,0.3374224836703888,0.35856841080598983
0.5,0.8,1.0198039,0.7-1.9-2.6,0.0001,128,128,128,128,1.0,1.0,0.9994395010337812,0.8740309429237288,0.8081626786040262,0.6259545012234877,0.007181751107691453,0.0069415427434748045
0.5,0.8,1.0198039,0.7-1.9-2.6,0.001,128,128,0,128,1.0,1.0,0.9994408876127375,0.916133113543201,0.8330389284060374,0.5545036649164935,0.07179280348445882,0.07202401340466677
0.5,0.8,1.0198039,0.7-1.9-2.6,0.005,128,128,0,0,1.0,1.0,0.9976596407478325,0.8765214951434107,0.6923439517678376,0.5145528001276424,0.27143627944678883,0.21674360105458595
0.5,0.8,1.0198039,0.7-1.9-2.6,0.01,128,128,0,0,1.0,1.0,0.9986039425260776,0.7956357963492119,0.6268877419025461,0.46803527015120683,0.4445757087747551,0.33018469087822316
0.5,0.8,1.0198039,1.0-1.4-1.9,0.0001,128,128,128,128,1.0,1.0,0.9972066133516548,0.9056114549640332,0.8743705680755341,0.5547600296525442,0.021742978074598684,0.020945156682781935
0.5,0.8,1.0198039,1.0-1.4-1.9,0.001,128,128,0,0,1.0,1.0,0.99876004136537,0.8557228015316882,0.7336165128941343,0.6045544785317193,0.2008302760530566,0.18597346493246697
0.5,0.8,1.0198039,1.0-1.4-1.9,0.005,128,128,0,0,1.0,1.0,0.9972715021246373,0.6569626939511405,0.581328674735042,0.4320995581257309,0.6,0.49689936544668084
0.5,0.8,1.0198039,1.0-1.4-1.9,0.01,128,128,0,0,1.0,1.0,0.995691451974795,0.864738416918182,0.299415550454214,0.2893942307790756,0.6,0.5941259249610082
0.5,0.8,1.25299641,0.7-1.0-1.4,0.0001,128,128,128,128,1.0,1.0,0.9996327845515799,0.798903514109827,0.7074321528185075,0.5822058399244434,0.019792898887317334,0.020160549580880677
0.5,0.8,1.25299641,0.7-1.0-1.4,0.001,128,128,0,0,1.0,1.0,0.9975812698615664,0.8148181588691754,0.7122085535227292,0.5955115519338587,0.19372332849234236,0.1975356891447081
0.5,0.8,1.25299641,0.7-1.0-1.4,0.005,128,128,0,0,1.0,1.0,0.9892279946092,0.7029969317963832,0.6222679478913997,0.4074393408197538,0.5913664284837068,0.5376705460043882
0.5,0.8,1.25299641,0.7-1.0-1.4,0.01,128,128,0,0,1.0,1.0,0.9964880514458188,0.8026021925640577,0.3492276941877065,0.31459581833829237,0.6,0.6
0.5,0.8,1.25299641,0.7-1.4-2.6,0.0001,128,128,128,128,1.0,1.0,0.9987815321927975,0.8300833178113103,0.7589409305914812,0.5503493903938751,0.004840414092677714,0.004562107545045629
0.5,0.8,1.25299641,0.7-1.4-2.6,0.001,128,128,0,128,1.0,1.0,0.9996441384261148,0.859302084674264,0.789063729686045,0.5739521559560976,0.04815296681267697,0.04829914668309959
0.5,0.8,1.25299641,0.7-1.4-2.6,0.005,128,128,0,0,1.0,1.0,0.9969790051702767,0.7346041794241523,0.6338068437978682,0.5301257370344219,0.22084426725923545,0.23228529098333342
0.5,0.8,1.25299641,0.7-1.4-2.6,0.01,128,128,0,0,1.0,1.0,0.9976236620351101,0.827352852046747,0.48636693081729215,0.4313730194691388,0.3303334355128752,0.34959882654438584
0.5,0.8,1.25299641,0.7-1.9-2.6,0.0001,128,128,128,128,1.0,1.0,0.9998793419926535,0.874900051998167,0.6914809668129998,0.5802935213213387,0.007145826651049014,0.007066229990746631
0.5,0.8,1.25299641,0.7-1.9-2.6,0.001,128,128,0,128,1.0,1.0,0.9990735764704646,0.9077345635437796,0.838523501294604,0.6446246302579841,0.07208032152593669,0.0723332185519045
0.5,0.8,1.25299641,0.7-1.9-2.6,0.005,128,128,0,0,1.0,1.0,0.9932619178426416,0.8032249316274229,0.5211858566361077,0.4806445843698969,0.2712326080012644,0.23224519924103948
0.5,0.8,1.25299641,0.7-1.9-2.6,0.01,128,128,0,0,1.0,1.0,0.9961245047196788,0.873557112744337,0.6440835301954342,0.47741021822661095,0.429707247015267,0.5469470900912333
0.5,0.8,1.25299641,1.0-1.4-1.9,0.0001,128,128,128,128,1.0,1.0,0.9989582860328722,0.8321670328200588,0.7541137818795044,0.5826410931626831,0.02180013792985866,0.020240385492029916
0.5,0.8,1.25299641,1.0-1.4-1.9,0.001,128,128,0,0,1.0,1.0,0.9993101182865534,0.7717366696455856,0.71830550938508,0.5651384964990019,0.19946085132260116,0.20597785525939669
0.5,0.8,1.25299641,1.0-1.4-1.9,0.005,128,128,0,0,1.0,1.0,0.99943196897175,0.7595101390113105,0.6074246385205598,0.3996506523897829,0.6,0.5684224298400751
0.5,0.8,1.25299641,1.0-1.4-1.9,0.01,128,128,0,0,1.0,1.0,0.9984695985206854,0.8141376282047837,0.326311977726164,0.2708845185138545,0.6,0.6
0.5,1.5,1.0198039,0.7-1.0-1.4,0.0001,128,128,128,128,1.0,1.0,0.9991098832033319,0.8510238991861092,0.7579599238909338,0.5846208770826904,0.02817296266193825,0.027390146713694524
0.5,1.5,1.0198039,0.7-1.0-1.4,0.001,128,128,0,0,1.0,1.0,0.9986698282893675,0.7899773774072893,0.6703371778395737,0.5801692865712849,0.24235974340608663,0.2657159770686301
0.5,1.5,1.0198039,0.7-1.0-1.4,0.005,128,128,0,0,1.0,1.0,0.9987440606574005,0.7913264330196056,0.4633984150906654,0.3552558405508157,0.6,0.5923373301752564
0.5,1.5,1.0198039,0.7-1.0-1.4,0.01,128,128,0,0,1.0,1.0,0.998948519103363,0.7247466656593557,0.20645116370029834,0.18591921249493704,0.6,0.6
0.5,1.5,1.0198039,0.7-1.4-2.6,0.0001,128,128,128,128,1.0,1.0,0.9993068779185761,0.8324747341464791,0.7356220248228468,0.5688703510145978,0.006739188715027905,0.006550768439302246
0.5,1.5,1.0198039,0.7-1.4-2.6,0.001,128,128,0,128,1.0,1.0,0.9965458263765438,0.8265416231570025,0.6800603954255366,0.5284617697102455,0.06807505107976791,0.0640663990633788
0.5,1.5,1.0198039,0.7-1.4-2.6,0.005,128,128,0,0,1.0,1.0,0.9961582610328954,0.7537872835846722,0.6712424263339941,0.4614272531948577,0.2712664609941384,0.2586239000611408
0.5,1.5,1.0198039,0.7-1.4-2.6,0.01,128,128,0,0,1.0,1.0,0.9981954287199115,0.7876457936917706,0.4677894574564722,0.30302555417334975,0.4203256466144693,0.4515499919053132
0.5,1.5,1.0198039,0.7-1.9-2.6,0.0001,128,128,128,128,1.0,1.0,0.9996361196260088,0.8568065330819764,0.8140924731977051,0.5627465232600191,0.009535051735747313,0.00959192385628943
0.5,1.5,1.0198039,0.7-1.9-2.6,0.001,128,128,0,0,1.0,1.0,0.9988067379344711,0.8347778658379679,0.746630436631592,0.5593615084992496,0.09657798299003822,0.0977312907905685
0.5,1.5,1.0198039,0.7-1.9-2.6,0.005,128,128,0,0,1.0,1.0,0.9958476336424946,0.8544525778657458,0.7540970052619173,0.4690359825327864,0.34158893142348445,0.33902169645229197
0.5,1.5,1.0198039,0.7-1.9-2.6,0.01,128,128,0,0,1.0,1.0,0.997078121408083,0.8400291661997793,0.5440266059686462,0.43430869023684465,0.561170778455562,0.5679530566334348
0.5,1.5,1.0198039,1.0-1.4-1.9,0.0001,128,128,128,128,1.0,1.0,0.9991228663422186,0.8713106993499916,0.8005332543100067,0.531910924866273,0.02996255185425986,0.029597703321773
0.5,1.5,1.0198039,1.0-1.4-1.9,0.001,128,128,0,0,1.0,1.0,0.9946788262429943,0.811702575064531,0.6359963938151624,0.5120519338920269,0.24343583504250993,0.2269933839490294
0.5,1.5,1.0198039,1.0-1.4-1.9,0.005,128,128,0,0,1.0,1.0,0.9968099120911326,0.7724341370315748,0.4610656795826014,0.3315790313441792,0.6,0.6
0.5,1.5,1.0198039,1.0-1.4-1.9,0.01,128,128,0,0,1.0,1.0,0.9933596125432039,0.6930650149366606,0.19780766958526227,0.18999046444494527,0.6,0.6
0.5,1.5,1.25299641,0.7-1.0-1.4,0.0001,128,128,128,128,1.0,1.0,0.9998682163887603,0.8520983115886684,0.7608892880715106,0.5580445797729726,0.02828740879090222,0.028222442858055335
0.5,1.5,1.25299641,0.7-1.0-1.4,0.001,128,128,0,0,1.0,1.0,0.99892559763183,0.823611881385821,0.6340311392861634,0.5312211250336836,0.2307794007785104,0.2680733514779786
0.5,1.5,1.25299641,0.7-1.0-1.4,0.005,128,128,0,0,1.0,1.0,0.9954864878819255,0.8609369204109607,0.4622043990609451,0.38137148730490794,0.6,0.6
0.5,1.5,1.25299641,0.7-1.0-1.4,0.01,128,128,0,0,1.0,1.0,0.9992642551888835,0.7406495078221974,0.20635289688134312,0.18892473434985865,0.6,0.6
0.5,1.5,1.25299641,0.7-1.4-2.6,0.0001,128,128,128,128,1.0,1.0,0.9990657692698608,0.8007551461606512,0.7238792086236524,0.4862965041394349,0.006725384049559607,0.006306551828932749
0.5,1.5,1.25299641,0.7-1.4-2.6,0.001,128,128,0,128,1.0,1.0,0.9994786367712166,0.8466488622196674,0.7676975113006986,0.545201005603418,0.06835496135804522,0.06589878210282438
0.5,1.5,1.25299641,0.7-1.4-2.6,0.005,128,128,0,0,1.0,1.0,0.9968625837411945,0.7463539531243975,0.5995496578982078,0.5006467661599552,0.271287835830094,0.22229858993867163
0.5,1.5,1.25299641,0.7-1.4-2.6,0.01,128,128,0,0,1.0,1.0,0.999571268236762,0.7832859020349285,0.4970929036891953,0.3453838123217269,0.4453565619893424,0.3720759910048898
0.5,1.5,1.25299641,0.7-1.9-2.6,0.0001,128,128,128,128,1.0,1.0,0.998792627984305,0.860037812379574,0.779828007927191,0.5870346181817693,0.009521885848789768,0.009716219838541484
0.5,1.5,1.25299641,0.7-1.9-2.6,0.001,128,128,0,0,1.0,1.0,0.9989568865505755,0.8966941781202427,0.6867013249430712,0.5693299522836243,0.09561955907538502,0.09313150862964373
0.5,1.5,1.25299641,0.7-1.9-2.6,0.005,128,128,0,0,1.0,1.0,0.9989310456959182,0.8344795718879808,0.51239856561603,0.40804624030938386,0.3235551166791991,0.38274596568664765
0.5,1.5,1.25299641,0.7-1.9-2.6,0.01,128,128,0,0,1.0,1.0,0.999102675929994,0.7945675181962315,0.5988738824152992,0.4562169603913584,0.530384252622207,0.5139396184408558
0.5,1.5,1.25299641,1.0-1.4-1.9,0.0001,128,128,128,128,1.0,1.0,0.9985800438253554,0.7746970654144266,0.7156070450403151,0.5018091810291023,0.030096326691637004,0.0296278965360815
0.5,1.5,1.25299641,1.0-1.4-1.9,0.001,128,128,0,0,1.0,1.0,0.9949892895191614,0.7750739525833652,0.6384465851681485,0.5814247769568139,0.24355178477699152,0.23281369366308224
0.5,1.5,1.25299641,1.0-1.4-1.9,0.005,128,128,0,0,1.0,1.0,0.9975786071335095,0.7249560545818257,0.4595584638893198,0.37421647811595254,0.6,0.5838901667769616
0.5,1.5,1.25299641,1.0-1.4-1.9,0.01,128,128,0,0,1.0,1.0,0.9979748684288628,0.6969932898200527,0.20167633960696857,0.19097951254280973,0.6,0.6
0.7,0.3,1.0198039,0.7-1.0-1.4,0.0001,128,128,128,128,1.0,1.0,0.9996827986285506,0.8711802838199993,0.6289631858141799,0.47495711302785654,0.009180734017627423,0.00892719204476694
0.7,0.3,1.0198039,0.7-1.0-1.4,0.001,128,128,0,0,1.0,1.0,0.9997013293275574,0.7597596604601287,0.6499692212326509,0.48644057856085593,0.09305872839199786,0.09340783370437972
0.7,0.3,1.0198039,0.7-1.0-1.4,0.005,128,128,0,0,1.0,1.0,0.9957887225059935,0.7586160385647941,0.6465785818347255,0.49462691705809364,0.4595733206911971,0.435174003542222
0.7,0.3,1.0198039,0.7-1.0-1.4,0.01,128,128,0,0,1.0,1.0,0.9998799880624913,0.7334272669862277,0.5081428391813354,0.4658578454406803,0.6,0.5908535035153799
0.7,0.3,1.0198039,0.7-1.4-2.6,0.0001,128,128,128,128,1.0,1.0,0.9992854941835182,0.901697790292529,0.6356668882236783,0.5486838326899552,0.002186004475334291,0.0021103755786236467
0.7,0.3,1.0198039,0.7-1.4-2.6,0.001,128,128,128,128,1.0,1.0,0.9983094811203882,0.8855878153755463,0.6001519046179692,0.46916300504760977,0.021918158941275856,0.022164340349119183
0.7,0.3,1.0198039,0.7-1.4-2.6,0.005,128,128,0,0,1.0,1.0,0.9988240906538741,0.8393290136427726,0.6988564178809835,0.4837628345253389,0.1111126799427663,0.1091211539936025
0.7,0.3,1.0198039,0.7-1.4-2.6,0.01,128,128,0,0,1.0,1.0,0.9928229001091181,0.7376114594629598,0.5459018750907558,0.47176419689846005,0.23030876429454533,0.2162382174551592
0.7,0.3,1.0198039,0.7-1.9-2.6,0.0001,128,128,128,128,1.0,1.0,0.9976018959017395,0.8981574551888899,0.7331997029531068,0.5331163053929234,0.0036730052949678904,0.003534513065052425
0.7,0.3,1.0198039,0.7-1.9-2.6,0.001,128,128,0,128,1.0,1.0,0.9990968562836265,0.9053335558284957,0.7734817115106151,0.562991314500782,0.03690050134218853,0.03322273268090936
0.7,0.3,1.0198039,0.7-1.9-2.6,0.005,128,128,0,0,1.0,1.0,0.9965786784362655,0.848423925854714,0.7104413444723101,0.5399340352338341,0.1881568349810553,0.18576317860832575
0.7,0.3,1.0198039,0.7-1.9-2.6,0.01,128,128,0,0,1.0,1.0,0.9964203262493222,0.8857675812150265,0.7497590125491485,0.6075588597248077,0.3765662484898715,0.34936682090856985
0.7,0.3,1.0198039,1.0-1.4-1.9,0.0001,128,128,128,128,1.0,1.0,0.9995515177162819,0.87206510594468,0.6630235013132655,0.5574506802155909,0.010302825025155338,0.009939715662606818
0.7,0.3,1.0198039,1.0-1.4-1.9,0.001,128,128,0,0,1.0,1.0,0.9958724482730463,0.788315648159961,0.6828674615684227,0.44418523733578685,0.10438111793991994,0.10273334901459913
0.7,0.3,1.0198039,1.0-1.4-1.9,0.005,128,128,0,0,1.0,1.0,0.9985192159286284,0.832069919933235,0.5633461824392596,0.4789376307609427,0.49827283128420286,0.4887643387336461
0.7,0.3,1.0198039,1.0-1.4-1.9,0.01,128,128,0,0,1.0,1.0,0.9975567362930028,0.7954561376818483,0.5140461873580181,0.44727686588366716,0.6,0.5980474041272054
0.7,0.3,1.25299641,0.7-1.0-1.4,0.0001,128,128,128,128,1.0,1.0,0.9992447270053099,0.803529594390231,0.579323463080987,0.4524422567629092,0.009196749287957495,0.00891889796245221
0.7,0.3,1.25299641,0.7-1.0-1.4,0.001,128,128,0,0,1.0,1.0,0.998468651076458,0.8942207689444368,0.7038774309178594,0.5425002569129397,0.09212250516166037,0.08685385277384866
0.7,0.3,1.25299641,0.7-1.0-1.4,0.005,128,128,0,0,1.0,1.0,0.9992523539424387,0.8770982203312683,0.6777777375863842,0.4631609205402404,0.4634059989060008,0.4284803095206599
0.7,0.3,1.25299641,0.7-1.0-1.4,0.01,128,128,0,0,1.0,1.0,0.9982261867621358,0.7103111106871608,0.5865192479454574,0.47523561937965325,0.6,0.6
0.7,0.3,1.25299641,0.7-1.4-2.6,0.0001,128,128,128,128,1.0,1.0,0.9994141558343167,0.8960256077804369,0.5760565646373371,0.42943318582916445,0.0022134853546957878,0.0021880039953390273
0.7,0.3,1.25299641,0.7-1.4-2.6,0.001,128,128,128,128,1.0,1.0,0.9985884867653076,0.7896188513937727,0.6451032145825765,0.4604432469258328,0.021922249204635702,0.022507142716025053
0.7,0.3,1.25299641,0.7-1.4-2.6,0.005,128,128,0,0,1.0,1.0,0.9949374918086804,0.8204730513276147,0.6771406211088675,0.48748391411582076,0.11220377724860076,0.11092955648461406
0.7,0.3,1.25299641,0.7-1.4-2.6,0.01,128,128,0,0,1.0,1.0,0.9959730934769081,0.8674852934921037,0.7107803462376941,0.4746251526825525,0.23074202378832065,0.21229899700377858
0.7,0.3,1.25299641,0.7-1.9-2.6,0.0001,128,128,128,128,1.0,1.0,0.9989620278040239,0.8579973403312641,0.7396179494428451,0.5416783216921336,0.0037267790359691855,0.003683678202262397
0.7,0.3,1.25299641,0.7-1.9-2.6,0.001,128,128,0,128,1.0,1.0,0.9995862028494654,0.8666256685352293,0.6675996884028125,0.5245715031022997,0.03737637441790859,0.037504162633398674
0.7,0.3,1.25299641,0.7-1.9-2.6,0.005,128,128,0,0,1.0,1.0,0.9937984874193824,0.8353100962524816,0.6855078546532732,0.527574092229127,0.1864176057732037,0.18565683298835983
0.7,0.3,1.25299641,0.7-1.9-2.6,0.01,128,128,0,0,1.0,1.0,0.9896369358578729,0.8546897702998054,0.7067299615163424,0.5582220282361444,0.3793517587544557,0.33439279256191334
0.7,0.3,1.25299641,1.0-1.4-1.9,0.0001,128,128,128,128,1.0,1.0,0.9997520285654862,0.7941206108078724,0.5679992834726058,0.49440789916709943,0.010473738784639919,0.00939822283743369
0.7,0.3,1.25299641,1.0-1.4-1.9,0.001,128,128,0,0,1.0,1.0,0.997592891034769,0.8251406297193209,0.6316660440865773,0.5046973620127918,0.10480685074262508,0.10596184767938249
0.7,0.3,1.25299641,1.0-1.4-1.9,0.005,128,128,0,0,1.0,1.0,0.9968011017516611,0.8632986740022693,0.7487955918541117,0.48878570230484547,0.5041804531173513,0.4820534231246421
0.7,0.3,1.25299641,1.0-1.4-1.9,0.01,128,128,0,0,1.0,1.0,0.9971080759039193,0.732667226086985,0.5248558356240077,0.42109437342487166,0.6,0.6
0.7,0.8,1.0198039,0.7-1.0-1.4,0.0001,128,128,128,128,1.0,1.0,0.9986272268173019,0.8551462431082594,0.7061633496764051,0.5537871191322946,0.012601069271340748,0.012181628436148728
0.7,0.8,1.0198039,0.7-1.0-1.4,0.001,128,128,0,0,1.0,1.0,0.9983908379618407,0.8191547617728205,0.6112664240270129,0.4858456896976367,0.12786484985440405,0.12560115463635296
0.7,0.8,1.0198039,0.7-1.0-1.4,0.005,128,128,0,0,1.0,1.0,0.9993875014903024,0.7727588503476192,0.6688981673740193,0.47282701333193444,0.5453344067002945,0.5019322973848299
0.7,0.8,1.0198039,0.7-1.0-1.4,0.01,128,128,0,0,1.0,1.0,0.9959038964468383,0.7927713540215569,0.43288972561868233,0.4066788109499233,0.6,0.6
0.7,0.8,1.0198039,0.7-1.4-2.6,0.0001,128,128,128,128,1.0,1.0,0.9993954890692696,0.8846534675004794,0.5897994099181589,0.42674122047148105,0.0028920603380354626,0.002897758135897266
0.7,0.8,1.0198039,0.7-1.4-2.6,0.001,128,128,128,128,1.0,1.0,0.9977449598248203,0.8529586853259855,0.6017398342292903,0.4935533915414877,0.028849712109058734,0.02666133235077478
0.7,0.8,1.0198039,0.7-1.4-2.6,0.005,128,128,0,0,1.0,1.0,0.9953212782292004,0.8417794565695117,0.702388469470787,0.4734540748503968,0.14838091530532432,0.14763240118749477
0.7,0.8,1.0198039,0.7-1.4-2.6,0.01,128,128,0,0,1.0,1.0,0.993197105006355,0.8080864997105088,0.6215480906002219,0.4494292029347423,0.303909647522164,0.28211660656185467
0.7,0.8,1.0198039,0.7-1.9-2.6,0.0001,128,128,128,128,1.0,1.0,0.9969883871041368,0.8998774489520432,0.684392805725229,0.5902807629746115,0.004543925364214441,0.004551155230894721
0.7,0.8,1.0198039,0.7-1.9-2.6,0.001,128,128,0,128,1.0,1.0,0.9964435660723591,0.866312306131581,0.676980879834005,0.5398599112070422,0.044720964634325344,0.04268351357806738
0.7,0.8,1.0198039,0.7-1.9-2.6,0.005,128,128,0,0,1.0,1.0,0.9998250968624318,0.896472664975541,0.6804967087646209,0.5309255641831611,0.23024531433984496,0.23087529606872476
0.7,0.8,1.0198039,0.7-1.9-2.6,0.01,128,128,0,0,1.0,1.0,0.9927527828466817,0.8364453523820213,0.7253580044316388,0.49539935983649824,0.4531723722104285,0.40736318588765236
0.7,0.8,1.0198039,1.0-1.4-1.9,0.0001,128,128,128,128,1.0,1.0,0.9992735713236433,0.87736623375093,0.6106527953082868,0.5414171143501512,0.013499292196320234,0.01350244814538476
0.7,0.8,1.0198039,1.0-1.4-1.9,0.001,128,128,0,0,1.0,1.0,0.9990293072216091,0.7971321338854901,0.6186608788255172,0.473390406381963,0.13410008454811762,0.13155515632144676
0.7,0.8,1.0198039,1.0-1.4-1.9,0.005,128,128,0,0,1.0,1.0,0.9973180784791179,0.8330432283599212,0.7928820379704212,0.5415553306965618,0.5584311068011629,0.4708186297210941
0.7,0.8,1.0198039,1.0-1.4-1.9,0.01,128,128,0,0,1.0,1.0,0.993714299526808,0.6636215276897784,0.4084462928352573,0.39269696384436764,0.6,0.6
0.7,0.8,1.25299641,0.7-1.0-1.4,0.0001,128,128,128,128,1.0,1.0,0.9981025564078744,0.850721066513834,0.6646377578628894,0.5454672902151233,0.012721289813452719,0.012835171244424293
0.7,0.8,1.25299641,0.7-1.0-1.4,0.001,128,128,0,0,1.0,1.0,0.9992633479282643,0.806598576994969,0.6598836046968335,0.4666429931818898,0.12650001415850076,0.12774289117836912
0.7,0.8,1.25299641,0.7-1.0-1.4,0.005,128,128,0,0,1.0,1.0,0.9965370470358932,0.8591783977861713,0.7643199550494337,0.4905056510793812,0.5557356504701599,0.5050534360300825
0.7,0.8,1.25299641,0.7-1.0-1.4,0.01,128,128,0,0,1.0,1.0,0.9950750268740741,0.696220620993355,0.43145683120027783,0.4020502714378801,0.6,0.6
0.7,0.8,1.25299641,0.7-1.4-2.6,0.0001,128,128,128,128,1.0,1.0,0.9976267798610369,0.7927947536190421,0.5764444963222415,0.48272455620523386,0.002882086828367103,0.002752179738105265
0.7,0.8,1.25299641,0.7-1.4-2.6,0.001,128,128,128,128,1.0,1.0,0.9981559237621156,0.8948954917561041,0.6800822292621331,0.46790787859499366,0.029162784091681992,0.02905953599475325
0.7,0.8,1.25299641,0.7-1.4-2.6,0.005,128,128,0,0,1.0,1.0,0.9973338365657618,0.8278429151908028,0.6200617575261522,0.4641773106143594,0.14731544198818924,0.1419627501583734
0.7,0.8,1.25299641,0.7-1.4-2.6,0.01,128,128,0,0,1.0,1.0,0.9991569467613048,0.8192888762457367,0.6770624779412354,0.5083216660135629,0.3076207911697336,0.27720799790907863
0.7,0.8,1.25299641,0.7-1.9-2.6,0.0001,128,128,128,128,1.0,1.0,0.9991430782277309,0.9034988498889054,0.7245034141911174,0.5794580518664261,0.00453970814578486,0.004548342940194294
0.7,0.8,1.25299641,0.7-1.9-2.6,0.001,128,128,0,128,1.0,1.0,0.9983349101800805,0.8990306117297836,0.7116035156740301,0.5200624948764152,0.04552767389450313,0.04173424370013268
0.7,0.8,1.25299641,0.7-1.9-2.6,0.005,128,128,0,0,1.0,1.0,0.9968025176034545,0.8723341070684364,0.7314371240410533,0.5480581260666265,0.2292541988923404,0.20919802617470634
0.7,0.8,1.25299641,0.7-1.9-2.6,0.01,128,128,0,0,1.0,1.0,0.9983551617124277,0.8817243772011396,0.7828975209181083,0.47783270099547237,0.4583736312456493,0.43371251176757664
0.7,0.8,1.25299641,1.0-1.4-1.9,0.0001,128,128,128,128,1.0,1.0,0.9975205926619827,0.8803064694995221,0.7178295632094973,0.5664692530048254,0.01341605219231512,0.011616878997871949
0.7,0.8,1.25299641,1.0-1.4-1.9,0.001,128,128,0,0,1.0,1.0,0.9966028765039843,0.8534003394824922,0.6685689190321119,0.5168077217302538,0.13620743913324979,0.13245955616060057
0.7,0.8,1.25299641,1.0-1.4-1.9,0.005,128,128,0,0,1.0,1.0,0.998175127330569,0.7299118169077895,0.6106291521830182,0.4626084968900237,0.5798372486663538,0.5040460245172467
0.7,0.8,1.25299641,1.0-1.4-1.9,0.01,128,128,0,0,1.0,1.0,0.9902727492329877,0.8496597240269774,0.4103428364626909,0.3949821277239102,0.6,0.6
0.7,1.5,1.0198039,0.7-1.0-1.4,0.0001,128,128,128,128,1.0,1.0,0.9988703987943194,0.8544207606762396,0.5848629930713514,0.46349727906209176,0.018335185664364317,0.018193533874502177
0.7,1.5,1.0198039,0.7-1.0-1.4,0.001,128,128,0,0,1.0,1.0,0.9993188108484996,0.7920591400880251,0.6132591601604236,0.48280647568978574,0.18680850269779514,0.17732091172844122
0.7,1.5,1.0198039,0.7-1.0-1.4,0.005,128,128,0,0,1.0,1.0,0.9963133472844946,0.7266261941544125,0.5891803719755442,0.5053319808792702,0.6,0.6
0.7,1.5,1.0198039,0.7-1.0-1.4,0.01,128,128,0,0,1.0,1.0,0.9938293789363372,0.7469825207006645,0.3019054529252245,0.2842803477547272,0.6,0.6
0.7,1.5,1.0198039,0.7-1.4-2.6,0.0001,128,128,128,128,1.0,1.0,0.9982467415218771,0.8172209292716662,0.6539986214642559,0.46315741994526183,0.004087372699314251,0.004188797811785883
0.7,1.5,1.0198039,0.7-1.4-2.6,0.001,128,128,0,128,1.0,1.0,0.9991618714277418,0.8859688859873003,0.7319154522664167,0.46649783863712047,0.04137897983953254,0.037716680516433676
0.7,1.5,1.0198039,0.7-1.4-2.6,0.005,128,128,0,0,1.0,1.0,0.9968916738670155,0.7812806386249551,0.5792753322054717,0.4071354842407772,0.21301533685677881,0.2003340690799359
0.7,1.5,1.0198039,0.7-1.4-2.6,0.01,128,128,0,0,1.0,1.0,0.9942888072887979,0.7911482220321201,0.5301295319517898,0.45815817635334627,0.4357436116680671,0.38936306395966946
0.7,1.5,1.0198039,0.7-1.9-2.6,0.0001,128,128,128,128,1.0,1.0,0.9979739854026013,0.8278076322739542,0.7025330813199265,0.5416278209035517,0.005943103770459701,0.005882189703945495
0.7,1.5,1.0198039,0.7-1.9-2.6,0.001,128,128,0,128,1.0,1.0,0.9972869226931752,0.8781103651784908,0.6739033986063772,0.5192511100716997,0.059398595939637644,0.05437682941581523
0.7,1.5,1.0198039,0.7-1.9-2.6,0.005,128,128,0,0,1.0,1.0,0.9982881130922564,0.8037450050703521,0.690930317045031,0.47779829368832316,0.30509157366313977,0.29524424231637414
0.7,1.5,1.0198039,0.7-1.9-2.6,0.01,128,128,0,0,1.0,1.0,0.9926425075956286,0.8122684728346105,0.6368758283418553,0.5093182869139797,0.5276269514996783,0.45318689085519503
0.7,1.5,1.0198039,1.0-1.4-1.9,0.0001,128,128,128,128,1.0,1.0,0.9981798222956052,0.79964009035935,0.6195611206682651,0.46816560216070724,0.01860813519770088,0.01811009002504904
0.7,1.5,1.0198039,1.0-1.4-1.9,0.001,128,128,0,0,1.0,1.0,0.9990789760764583,0.8179130729071972,0.6973370859091035,0.5277936306855087,0.18942023294330268,0.18654123224689267
0.7,1.5,1.0198039,1.0-1.4-1.9,0.005,128,128,0,0,1.0,1.0,0.998752822734286,0.7845040290582208,0.5986399036685935,0.4747773028814695,0.6,0.5814134350901734
0.7,1.5,1.0198039,1.0-1.4-1.9,0.01,128,128,0,0,1.0,1.0,0.9910474899248621,0.7639993435629697,0.2992642339268397,0.2816732741837831,0.6,0.6
0.7,1.5,1.25299641,0.7-1.0-1.4,0.0001,128,128,128,128,1.0,1.0,0.998993630730098,0.775901018872001,0.6646289942391519,0.5086605319671564,0.018326160146170944,0.015680115301588027
0.7,1.5,1.25299641,0.7-1.0-1.4,0.001,128,128,0,0,1.0,1.0,0.9988869617582382,0.8019317902029356,0.6022153963996757,0.5066679291512691,0.18824006476361316,0.1868844144606474
0.7,1.5,1.25299641,0.7-1.0-1.4,0.005,128,128,0,0,1.0,1.0,0.9982452378344252,0.8340319368162675,0.6018293536004017,0.4720603422511048,0.6,0.6
0.7,1.5,1.25299641,0.7-1.0-1.4,0.01,128,128,0,0,1.0,1.0,0.9997858294049631,0.754369375712787,0.3012957533391233,0.28568759718243436,0.6,0.6
0.7,1.5,1.25299641,0.7-1.4-2.6,0.0001,128,128,128,128,1.0,1.0,0.998348830510175,0.7802290112769237,0.6377489432429168,0.4922420933925063,0.004127941698106652,0.003964250075998432
0.7,1.5,1.25299641,0.7-1.4-2.6,0.001,128,128,0,128,1.0,1.0,0.9989230514192043,0.9107454139595828,0.6437695710681468,0.49823353706153084,0.04111535379033737,0.04033444470664793
0.7,1.5,1.25299641,0.7-1.4-2.6,0.005,128,128,0,0,1.0,1.0,0.998947434545427,0.7832414499487823,0.6280146939021818,0.43753587302039626,0.21280525885561025,0.207117839947782
0.7,1.5,1.25299641,0.7-1.4-2.6,0.01,128,128,0,0,1.0,1.0,0.9983769017637664,0.7773202480799976,0.5643003232631967,0.4287824078807098,0.44180318766461807,0.38226129944212883
0.7,1.5,1.25299641,0.7-1.9-2.6,0.0001,128,128,128,128,1.0,1.0,0.9994196697025274,0.9177274013468861,0.7124086944654575,0.525002885655178,0.005908217180604081,0.005340763282020156
0.7,1.5,1.25299641,0.7-1.9-2.6,0.001,128,128,0,128,1.0,1.0,0.9996977526366133,0.8461239522778714,0.7018673631739476,0.5629249475818504,0.0595202007834813,0.059257362416411885
0.7,1.5,1.25299641,0.7-1.9-2.6,0.005,128,128,0,0,1.0,1.0,0.9976495005269428,0.9258133123239674,0.7933432179518483,0.5433165409176569,0.3029160564332414,0.30328917175995845
0.7,1.5,1.25299641,0.7-1.9-2.6,0.01,128,128,0,0,1.0,1.0,0.9955351594291236,0.7758104371409394,0.6076205263266168,0.4633839759701137,0.5297035821112331,0.46311602513520167
0.7,1.5,1.25299641,1.0-1.4-1.9,0.0001,128,128,128,128,1.0,1.0,0.9989752270342341,0.8385523449652634,0.5995501553253851,0.4492599863392159,0.018535288819384543,0.01858663820132006
0.7,1.5,1.25299641,1.0-1.4-1.9,0.001,128,128,0,0,1.0,1.0,0.9977870559248606,0.7272045283719449,0.6476113557521885,0.48191517423131763,0.18924828982580938,0.18050341299034323
0.7,1.5,1.25299641,1.0-1.4-1.9,0.005,128,128,0,0,1.0,1.0,0.9962567612277488,0.8242237899757007,0.5503350797990144,0.4787051728636371,0.6,0.6
0.7,1.5,1.25299641,1.0-1.4-1.9,0.01,128,128,0,0,1.0,1.0,0.997404401493072,0.7494927892810085,0.29709121454960014,0.285738562097622,0.6,0.6
0.9,0.3,1.0198039,0.7-1.0-1.4,0.0001,128,128,128,128,1.0,1.0,0.996705626532471,0.8048104771607885,0.6626038478503671,0.5205009309204702,0.00628942146840944,0.0061274548828975095
0.9,0.3,1.0198039,0.7-1.0-1.4,0.001,128,128,0,128,1.0,1.0,0.9992757768792829,0.9069372883095347,0.5774495005032595,0.4295260752716792,0.06292026336618622,0.0632759376297517
0.9,0.3,1.0198039,0.7-1.0-1.4,0.005,128,128,0,0,1.0,1.0,0.9958696626503416,0.7681532251443379,0.5454993905457685,0.48828470181572475,0.2593005951575833,0.288977189916028
0.9,0.3,1.0198039,0.7-1.0-1.4,0.01,128,128,0,0,1.0,1.0,0.9968155111845575,0.8252817852751229,0.6530127728571353,0.5194772575368364,0.4330761479421197,0.4308164335452388
0.9,0.3,1.0198039,0.7-1.4-2.6,0.0001,128,128,128,128,1.0,1.0,0.9986425548989311,0.896688554365023,0.5562832855903861,0.44729483502192696,0.0015020146219061892,0.0015238563530543536
0.9,0.3,1.0198039,0.7-1.4-2.6,0.001,128,128,128,128,1.0,1.0,0.9981992089373093,0.822408973626431,0.5935986819072053,0.46816200303677885,0.015068799756295714,0.015134180013110732
0.9,0.3,1.0198039,0.7-1.4-2.6,0.005,128,128,0,0,1.0,1.0,0.997366370894346,0.9221562659179929,0.4757764513772168,0.43873348102438037,0.07671175695465993,0.07677776207684106
0.9,0.3,1.0198039,0.7-1.4-2.6,0.01,128,128,0,0,1.0,1.0,0.9991387199439455,0.8107319883868521,0.5619725824496689,0.4826051642530956,0.1540691589216066,0.14349079846747353
0.9,0.3,1.0198039,0.7-1.9-2.6,0.0001,128,128,128,128,1.0,1.0,0.9969591942956743,0.8749583830303101,0.6422549507522213,0.5213031003670101,0.0027056493858255704,0.0027130339824082417
0.9,0.3,1.0198039,0.7-1.9-2.6,0.001,128,128,128,128,1.0,1.0,0.9938799040564742,0.8110720481541723,0.6087740661664096,0.5148944702394658,0.027092384701336458,0.02704733813813437
0.9,0.3,1.0198039,0.7-1.9-2.6,0.005,128,128,0,0,1.0,1.0,0.9984746275504254,0.8901556646504861,0.6423848551203412,0.47797345102516137,0.13562367565118622,0.12629202478270196
0.9,0.3,1.0198039,0.7-1.9-2.6,0.01,128,128,0,0,1.0,1.0,0.9908035479228573,0.8696889927104458,0.5753934279892436,0.4672929948740552,0.2433541863108986,0.1950673075550297
0.9,0.3,1.0198039,1.0-1.4-1.9,0.0001,128,128,128,128,1.0,1.0,0.9978715416958627,0.8856288727721683,0.7179241216630692,0.549446026174431,0.007227437935580339,0.00731913950438956
0.9,0.3,1.0198039,1.0-1.4-1.9,0.001,128,128,0,128,1.0,1.0,0.9977759114883611,0.846690995606194,0.6412846276913682,0.5160339171703416,0.07271311873241754,0.07237686204349508
0.9,0.3,1.0198039,1.0-1.4-1.9,0.005,128,128,0,0,1.0,1.0,0.9997815345758647,0.7996587182998988,0.5632114075120763,0.4366875887794843,0.2818237269107159,0.2534124651100892
0.9,0.3,1.0198039,1.0-1.4-1.9,0.01,128,128,0,0,1.0,1.0,0.9865249521312933,0.8522652705619065,0.5523665227488798,0.41888503706106694,0.5122594551555266,0.43740946123473723
0.9,0.3,1.25299641,0.7-1.0-1.4,0.0001,128,128,128,128,1.0,1.0,0.9983834148374411,0.828851448272824,0.6296736389873299,0.5197391745500592,0.006282090768036375,0.006286697107071193
0.9,0.3,1.25299641,0.7-1.0-1.4,0.001,128,128,0,128,1.0,1.0,0.9983455977409355,0.7898634984896297,0.6022170763976273,0.45760812135680684,0.06368814642605686,0.06231977045504483
0.9,0.3,1.25299641,0.7-1.0-1.4,0.005,128,128,0,0,1.0,1.0,0.9986506879045537,0.799875308155266,0.6685485510501399,0.49460138791401204,0.26494741886735934,0.2843193196286692
0.9,0.3,1.25299641,0.7-1.0-1.4,0.01,128,128,0,0,1.0,1.0,0.9931854201876593,0.7063348309437224,0.6044713156282644,0.472122188821133,0.4482596259417734,0.45644192379866
0.9,0.3,1.25299641,0.7-1.4-2.6,0.0001,128,128,128,128,1.0,1.0,0.9984417630916463,0.8264772319939174,0.5474100333131912,0.4252458384180828,0.001507884666443804,0.0014807262399039178
0.9,0.3,1.25299641,0.7-1.4-2.6,0.001,128,128,128,128,1.0,1.0,0.9967805215701424,0.8630102251106401,0.6283110537751058,0.4528382166791927,0.015098229482509828,0.014717305394670088
0.9,0.3,1.25299641,0.7-1.4-2.6,0.005,128,128,0,0,1.0,1.0,0.9978586862308628,0.8853757949720137,0.5451225642485447,0.44244520214694827,0.07636548461305215,0.07666228063630837
0.9,0.3,1.25299641,0.7-1.4-2.6,0.01,128,128,0,0,1.0,1.0,0.9953954445835503,0.7854633718953521,0.5477035964465468,0.4612440360540918,0.15215710347340544,0.13364088903278626
0.9,0.3,1.25299641,0.7-1.9-2.6,0.0001,128,128,128,128,1.0,1.0,0.9982865711339748,0.9603169941111114,0.6437125458408045,0.5041903412150762,0.002686333250403683,0.00271737268237765
0.9,0.3,1.25299641,0.7-1.9-2.6,0.001,128,128,128,128,1.0,1.0,0.997738233049215,0.8609296038302978,0.6330628714577269,0.4764185449280382,0.026695261934128245,0.027209247916281876
0.9,0.3,1.25299641,0.7-1.9-2.6,0.005,128,128,0,0,1.0,1.0,0.9984057546700617,0.8898812394414873,0.683733153146679,0.4867044900567445,0.1362781329277823,0.12681450799534072
0.9,0.3,1.25299641,0.7-1.9-2.6,0.01,128,128,0,0,1.0,1.0,0.996074547637621,0.8820484985556087,0.6218719921348717,0.46154784272295346,0.2402354732789717,0.22435877640457885
0.9,0.3,1.25299641,1.0-1.4-1.9,0.0001,128,128,128,128,1.0,1.0,0.9989349850202085,0.8550499370695777,0.7277575324394913,0.4925851877017448,0.0072334466597567815,0.006992869586654515
0.9,0.3,1.25299641,1.0-1.4-1.9,0.001,128,128,0,128,1.0,1.0,0.9991658852127092,0.8373210387132073,0.594754317173132,0.5338721496041525,0.07241116531317876,0.06816330947921856
0.9,0.3,1.25299641,1.0-1.4-1.9,0.005,128,128,0,0,1.0,1.0,0.9913190289292148,0.8482675648340069,0.6573260089248179,0.43473348060337447,0.2928542350364297,0.241029999057002
0.9,0.3,1.25299641,1.0-1.4-1.9,0.01,128,128,0,0,1.0,1.0,0.9902088726715405,0.7846766991342882,0.5753924582709162,0.4379454137989902,0.4774241094291938,0.3996404895500888
0.9,0.8,1.0198039,0.7-1.0-1.4,0.0001,128,128,128,128,1.0,1.0,0.9980516336783306,0.8441529171262577,0.592238491378231,0.5440097073802558,0.008526205416273969,0.008631331008864151
0.9,0.8,1.0198039,0.7-1.0-1.4,0.001,128,128,0,0,1.0,1.0,0.9971846142941905,0.8322457164443264,0.663212181420603,0.5080490549883541,0.08501870704662895,0.08565017091046306
0.9,0.8,1.0198039,0.7-1.0-1.4,0.005,128,128,0,0,1.0,1.0,0.996250433311195,0.7958624883699802,0.5346395217363676,0.375851429679879,0.3186231634835169,0.269566710856486
0.9,0.8,1.0198039,0.7-1.0-1.4,0.01,128,128,0,0,1.0,1.0,0.9941728403208434,0.7782525764285501,0.5596999997974048,0.40569983778272034,0.6,0.5135248948451616
0.9,0.8,1.0198039,0.7-1.4-2.6,0.0001,128,128,128,128,1.0,1.0,0.9965774882036504,0.8606393124604154,0.542827342194787,0.49334231474627294,0.001868107740597258,0.0018738536884062018
0.9,0.8,1.0198039,0.7-1.4-2.6,0.001,128,128,128,128,1.0,1.0,0.9997864688351159,0.8709470270443512,0.5340828883955506,0.4352591375862422,0.018829991145253133,0.01725082651175086
0.9,0.8,1.0198039,0.7-1.4-2.6,0.005,128,128,0,0,1.0,1.0,0.9941896192658758,0.8607281561912544,0.584166385432831,0.4450626138148165,0.09498682084761195,0.09252032636110169
0.9,0.8,1.0198039,0.7-1.4-2.6,0.01,128,128,0,0,1.0,1.0,0.9968145152378697,0.840453364292668,0.5279455618068899,0.39838888123573163,0.18589112483186898,0.1839105165791789
0.9,0.8,1.0198039,0.7-1.9-2.6,0.0001,128,128,128,128,1.0,1.0,0.9991650007680362,0.8555367405645733,0.6701692500848015,0.5195306749892771,0.0030523901968991796,0.0030487872789268233
0.9,0.8,1.0198039,0.7-1.9-2.6,0.001,128,128,0,128,1.0,1.0,0.9965648203694585,0.9069405145815053,0.6300720539745642,0.5383299138196475,0.03109680097331874,0.03121950592513617
0.9,0.8,1.0198039,0.7-1.9-2.6,0.005,128,128,0,0,1.0,1.0,0.9946216444746824,0.8299548661727572,0.6074185824125811,0.4892324524994193,0.1544481401346277,0.15791015862728802
0.9,0.8,1.0198039,0.7-1.9-2.6,0.01,128,128,0,0,1.0,1.0,0.9987292104724342,0.8824553394216651,0.7139993143342833,0.4809853440438654,0.2600233977943391,0.21500071764562334
0.9,0.8,1.0198039,1.0-1.4-1.9,0.0001,128,128,128,128,1.0,1.0,0.9967648873100083,0.8242796912319086,0.7031253897508677,0.5189855998971481,0.008838514135823095,0.00870040790935378
0.9,0.8,1.0198039,1.0-1.4-1.9,0.001,128,128,0,0,1.0,1.0,0.9991439928033373,0.8156372050060758,0.6897561456241244,0.46058701823335996,0.0886224166740247,0.08892065670581734
0.9,0.8,1.0198039,1.0-1.4-1.9,0.005,128,128,0,0,1.0,1.0,0.9940806231537791,0.7767198510734474,0.5131479769785323,0.37523281215901555,0.3338682125692686,0.2964083033504811
0.9,0.8,1.0198039,1.0-1.4-1.9,0.01,128,128,0,0,1.0,1.0,0.9985578692139065,0.802699205216654,0.5804827295519428,0.31845602714763616,0.5856486372166728,0.5257239124415857
0.9,0.8,1.25299641,0.7-1.0-1.4,0.0001,128,128,128,128,1.0,1.0,0.9979334956499242,0.8733828249544339,0.688095259151644,0.49170159025791627,0.008504087574056018,0.008271893837403621
0.9,0.8,1.25299641,0.7-1.0-1.4,0.001,128,128,0,0,1.0,1.0,0.9976291288116739,0.8711599553826191,0.6633563346818088,0.5422437642862412,0.08544649166269658,0.08511399395165897
0.9,0.8,1.25299641,0.7-1.0-1.4,0.005,128,128,0,0,1.0,1.0,0.9958829805325499,0.9236537167374766,0.8020729175872569,0.433102773374698,0.33600372927839994,0.3726265415833234
0.9,0.8,1.25299641,0.7-1.0-1.4,0.01,128,128,0,0,1.0,1.0,0.9944259912453212,0.7499252367224537,0.6129239045260594,0.4014793415581746,0.6,0.30198834577049305
0.9,0.8,1.25299641,0.7-1.4-2.6,0.0001,128,128,128,128,1.0,1.0,0.9990897322308503,0.8094916250654008,0.5755434796151483,0.468515324189517,0.0018710942208144954,0.0018953070509833414
0.9,0.8,1.25299641,0.7-1.4-2.6,0.001,128,128,128,128,1.0,1.0,0.9980660896234685,0.8849438957407983,0.5127099532163675,0.4375238449467449,0.018539813883876544,0.018320247965593894
0.9,0.8,1.25299641,0.7-1.4-2.6,0.005,128,128,0,0,1.0,1.0,0.9980472465698965,0.7586955026403113,0.5231668267259022,0.44949187885551845,0.09522359663997126,0.09375921041957952
0.9,0.8,1.25299641,0.7-1.4-2.6,0.01,128,128,0,0,1.0,1.0,0.9946218919280843,0.7551009589394501,0.5039670033143491,0.4207362259209095,0.18748562857736023,0.17993991781164637
0.9,0.8,1.25299641,0.7-1.9-2.6,0.0001,128,128,128,128,1.0,1.0,0.9984113660595981,0.9260235588371168,0.7257195862031921,0.47029246277286735,0.0030657125326798984,0.0031525815592467477
0.9,0.8,1.25299641,0.7-1.9-2.6,0.001,128,128,0,128,1.0,1.0,0.9977443809814317,0.8955676907055153,0.6356579163599008,0.48554995918265803,0.030962233507216053,0.031024653129637203
0.9,0.8,1.25299641,0.7-1.9-2.6,0.005,128,128,0,0,1.0,1.0,0.9987216588281279,0.8277413279941095,0.6496554418780117,0.46759120039331487,0.15407916952126482,0.15661169959660515
0.9,0.8,1.25299641,0.7-1.9-2.6,0.01,128,128,0,0,1.0,1.0,0.9969893801316332,0.9366896745874038,0.5974938194730226,0.47548012932705774,0.2582836046642114,0.3008113852248766
0.9,0.8,1.25299641,1.0-1.4-1.9,0.0001,128,128,128,128,1.0,1.0,0.9993684646057174,0.8536682676328402,0.6243492749830183,0.5244935874935618,0.008768991803935922,0.008246662187076037
0.9,0.8,1.25299641,1.0-1.4-1.9,0.001,128,128,0,0,1.0,1.0,0.9993664874316187,0.8604001311519266,0.6899013547813372,0.4957095363948236,0.0884602773469852,0.08892031214953083
0.9,0.8,1.25299641,1.0-1.4-1.9,0.005,128,128,0,0,1.0,1.0,0.997314051725097,0.7588345367737407,0.6658581884079735,0.4951341321099808,0.3300313798194111,0.3771636935248877
0.9,0.8,1.25299641,1.0-1.4-1.9,0.01,128,128,0,0,1.0,1.0,0.9986293298871725,0.8621071106525441,0.64768367251611,0.46258354420023756,0.5663021217903407,0.4395541920295322
0.9,1.5,1.0198039,0.7-1.0-1.4,0.0001,128,128,128,128,1.0,1.0,0.999558157081709,0.8009370651004362,0.6543969882443372,0.46432967772486944,0.012683345883351849,0.012703496538181092
0.9,1.5,1.0198039,0.7-1.0-1.4,0.001,128,128,0,0,1.0,1.0,0.9986928065467463,0.9172468993527773,0.6710005161398546,0.5079200185825868,0.12841995208841583,0.12720923954184188
0.9,1.5,1.0198039,0.7-1.0-1.4,0.005,128,128,0,0,1.0,1.0,0.9926580271691635,0.8381324275403731,0.5893438796993414,0.4464079825172314,0.4576401651707784,0.32569954270031365
0.9,1.5,1.0198039,0.7-1.0-1.4,0.01,128,128,0,0,1.0,1.0,0.9943691014495378,0.8070923707733022,0.64049533879506,0.4194352222890446,0.6,0.6
0.9,1.5,1.0198039,0.7-1.4-2.6,0.0001,128,128,128,128,1.0,1.0,0.9992904080132388,0.8677021362210391,0.5235630938543755,0.43886416839703235,0.002619952830582528,0.0026244266686669127
0.9,1.5,1.0198039,0.7-1.4-2.6,0.001,128,128,128,128,1.0,1.0,0.9996569407054786,0.8421684373912458,0.558232247651717,0.47691604401914506,0.02627581122092132,0.026768981848925066
0.9,1.5,1.0198039,0.7-1.4-2.6,0.005,128,128,0,0,1.0,1.0,0.9990852992518936,0.7525157129419693,0.5062778161459679,0.411871277225879,0.13383437229936151,0.12104901202518992
0.9,1.5,1.0198039,0.7-1.4-2.6,0.01,128,128,0,0,1.0,1.0,0.9983235809870836,0.7872240973617832,0.48722688461905994,0.4195497542302726,0.24413939412670527,0.23323784699743805
0.9,1.5,1.0198039,0.7-1.9-2.6,0.0001,128,128,128,128,1.0,1.0,0.9999441796757401,0.9220954253808289,0.6915366975010869,0.477790024062354,0.003851177424894825,0.003761523000004263
0.9,1.5,1.0198039,0.7-1.9-2.6,0.001,128,128,0,128,1.0,1.0,0.99976822052693,0.8040056194628434,0.6130937229194697,0.4975214306215225,0.03878635521796253,0.03805038432095287
0.9,1.5,1.0198039,0.7-1.9-2.6,0.005,128,128,0,0,1.0,1.0,0.9939629339987516,0.8591088823012393,0.5929898579396781,0.4177310371973781,0.18780764457842442,0.14829531045169753
0.9,1.5,1.0198039,0.7-1.9-2.6,0.01,128,128,0,0,1.0,1.0,0.999733549857983,0.8876473445656828,0.6737640376852573,0.3740715968217575,0.28868214422554944,0.23249043558000154
0.9,1.5,1.0198039,1.0-1.4-1.9,0.0001,128,128,128,128,1.0,1.0,0.996018206856976,0.8229081491156418,0.6712344472933832,0.46296352073407976,0.01213616892146091,0.012124654862330886
0.9,1.5,1.0198039,1.0-1.4-1.9,0.001,128,128,0,0,1.0,1.0,0.9976525065222633,0.7922783772800527,0.6618203595463983,0.49354768477881616,0.12218037696802647,0.11662115268528622
0.9,1.5,1.0198039,1.0-1.4-1.9,0.005,128,128,0,0,1.0,1.0,0.9984125982710693,0.8429639323193817,0.7289384170415377,0.45853129608296106,0.4177836691364064,0.3394465857247736
0.9,1.5,1.0198039,1.0-1.4-1.9,0.01,128,128,0,0,1.0,1.0,0.9933931172522561,0.856993630193405,0.5410106086593306,0.4096431296894185,0.6,0.49130971275536456
0.9,1.5,1.25299641,0.7-1.0-1.4,0.0001,128,128,128,128,1.0,1.0,0.9994139482713604,0.9052336116160381,0.6583151671541322,0.5400419590340124,0.01271328265665922,0.012714308198350843
0.9,1.5,1.25299641,0.7-1.0-1.4,0.001,128,128,0,0,1.0,1.0,0.9998256609348156,0.7678580454279289,0.5592095392871148,0.4836675995275548,0.12712722503006246,0.128934827756912
0.9,1.5,1.25299641,0.7-1.0-1.4,0.005,128,128,0,0,1.0,1.0,0.9974767957266524,0.7351225525025751,0.5377005873667106,0.39591032632772244,0.4538878415271937,0.406603257335853
0.9,1.5,1.25299641,0.7-1.0-1.4,0.01,128,128,0,0,1.0,1.0,0.9974235310324925,0.7518734148263253,0.6283132638028829,0.47895949954786,0.6,0.6
0.9,1.5,1.25299641,0.7-1.4-2.6,0.0001,128,128,128,128,1.0,1.0,0.9989845339935571,0.8452535949755831,0.6091681718278882,0.4417262348108848,0.0026302605133197154,0.0026742604838591033
0.9,1.5,1.25299641,0.7-1.4-2.6,0.001,128,128,128,128,1.0,1.0,0.9997983349005091,0.7251327442979973,0.45912648659621935,0.4095473321665444,0.026207232608726594,0.02664816001196424
0.9,1.5,1.25299641,0.7-1.4-2.6,0.005,128,128,0,0,1.0,1.0,0.993160994912552,0.824330461575387,0.5394737229082757,0.3549579947913234,0.13341692640069608,0.13252898044615563
0.9,1.5,1.25299641,0.7-1.4-2.6,0.01,128,128,0,0,1.0,1.0,0.9960490888199763,0.7352643107629795,0.48152186869809366,0.4037576387950818,0.24253825803859863,0.26784424757199454
0.9,1.5,1.25299641,0.7-1.9-2.6,0.0001,128,128,128,128,1.0,1.0,0.9996792539432381,0.7914996539949941,0.6132741122010421,0.4795349169660272,0.003863011090198043,0.003911471660170196
0.9,1.5,1.25299641,0.7-1.9-2.6,0.001,128,128,0,128,1.0,1.0,0.9974903987780216,0.8636745162608007,0.6547857710863176,0.47921577880869604,0.03895160846868756,0.03835974836153311
0.9,1.5,1.25299641,0.7-1.9-2.6,0.005,128,128,0,0,1.0,1.0,0.99748885161223,0.904001035921201,0.6930354807743165,0.5125873731320187,0.1890805011009432,0.16518323078028557
0.9,1.5,1.25299641,0.7-1.9-2.6,0.01,128,128,0,0,1.0,1.0,0.9969516009398568,0.7648939394670374,0.6131978707086171,0.3854878794833683,0.30940319252995324,0.32888427542130366
0.9,1.5,1.25299641,1.0-1.4-1.9,0.0001,128,128,128,128,1.0,1.0,0.9971210106501633,0.8822440197546709,0.5494517107165879,0.46973835400223846,0.012121605277661762,0.0121555465874707
0.9,1.5,1.25299641,1.0-1.4-1.9,0.001,128,128,0,0,1.0,1.0,0.9976073978236549,0.8627064123696416,0.7401526558219423,0.48106176584727023,0.1220938203550308,0.12374404665022876
0.9,1.5,1.25299641,1.0-1.4-1.9,0.005,128,128,0,0,1.0,1.0,0.9963840068555607,0.7896696884036967,0.6329097129127597,0.44988537824417496,0.434080066831302,0.4011381318708652
0.9,1.5,1.25299641,1.0-1.4-1.9,0.01,128,128,0,0,1.0,1.0,0.9979085096620615,0.7759137634740252,0.5127060262013421,0.4204135128360044,0.6,0.6
0.97,0.3,1.0198039,0.7-1.0-1.4,0.0001,128,128,128,128,1.0,1.0,0.9986958902800969,0.8693179653022216,0.579655718029583,0.5091891757943687,0.005573755504610867,0.005649543939952206
0.97,0.3,1.0198039,0.7-1.0-1.4,0.001,128,128,0,128,1.0,1.0,0.9975696260815397,0.7899139225607199,0.6069648312845768,0.5051327891573585,0.05363571406119272,0.0525581056263148
0.97,0.3,1.0198039,0.7-1.0-1.4,0.005,128,128,0,0,1.0,1.0,0.9950837386092508,0.8437667613526539,0.6104134779272034,0.4477801143001261,0.17327806703151505,0.2002395555381083
0.97,0.3,1.0198039,0.7-1.0-1.4,0.01,128,128,0,0,1.0,1.0,0.9980898524313606,0.793746491115384,0.6400380137602798,0.38591528567474015,0.31469492831938645,0.31767014199123295
0.97,0.3,1.0198039,0.7-1.4-2.6,0.0001,128,128,128,128,1.0,1.0,0.9977927807271575,0.9025709918346898,0.5548543603599301,0.4107260030530622,0.0013365852336165163,0.0013646639270156191
0.97,0.3,1.0198039,0.7-1.4-2.6,0.001,128,128,128,128,1.0,1.0,0.9996763207284324,0.8415095689287929,0.5765513099651444,0.4042408095253483,0.01343164636355143,0.012981533040746118
0.97,0.3,1.0198039,0.7-1.4-2.6,0.005,128,128,0,23,1.0,1.0,0.9981119745907594,0.8001777209947668,0.5214656084327537,0.4258365570916103,0.062275437712492,0.056438754885489384
0.97,0.3,1.0198039,0.7-1.4-2.6,0.01,128,128,0,0,1.0,1.0,0.9976993090052113,0.8738606742701684,0.5786336532631176,0.39065159297764507,0.09906510848406924,0.08704988598307123
0.97,0.3,1.0198039,0.7-1.9-2.6,0.0001,128,128,128,128,1.0,1.0,0.999556154994754,0.8968486856174336,0.6511766605173132,0.5202543560266609,0.002467606049776916,0.0021992622470925483
0.97,0.3,1.0198039,0.7-1.9-2.6,0.001,128,128,128,128,1.0,1.0,0.9984353634017086,0.8635591160435452,0.5809937426975187,0.49312522000611264,0.0245779754946851,0.024971783834957184
0.97,0.3,1.0198039,0.7-1.9-2.6,0.005,128,128,0,0,1.0,1.0,0.9994665229826539,0.945630527542808,0.6618833508066079,0.46828211815581505,0.0917516384376541,0.1250605826153376
0.97,0.3,1.0198039,0.7-1.9-2.6,0.01,128,128,0,0,1.0,1.0,0.998729337222966,0.8286582447424857,0.6261108378457937,0.43466244000553117,0.15640925621664792,0.16108651635355514
0.97,0.3,1.0198039,1.0-1.4-1.9,0.0001,128,128,128,128,1.0,1.0,0.9995402774042699,0.806885305925849,0.6088153621686442,0.43503733156460234,0.006447257939316886,0.006143616924520312
0.97,0.3,1.0198039,1.0-1.4-1.9,0.001,128,128,0,128,1.0,1.0,0.9981446976078951,0.8583992382220871,0.6219531933901742,0.5047338303180727,0.060343164618279876,0.05689720204032833
0.97,0.3,1.0198039,1.0-1.4-1.9,0.005,128,128,0,0,1.0,1.0,0.9879354559711805,0.8870187451275592,0.5647025120103939,0.3970948535623573,0.19861303106063133,0.16266762166134613
0.97,0.3,1.0198039,1.0-1.4-1.9,0.01,128,128,0,0,1.0,1.0,0.9986823091676366,0.7915275928568315,0.59122645101196,0.36692848598385186,0.372844847473425,0.19791225964602893
0.97,0.3,1.25299641,0.7-1.0-1.4,0.0001,128,128,128,128,1.0,1.0,0.9993149366980503,0.8133759296889603,0.6057070499626923,0.4516550875125036,0.005560765164773385,0.005404973731124585
0.97,0.3,1.25299641,0.7-1.0-1.4,0.001,128,128,0,128,1.0,1.0,0.9994161814679509,0.9185196693893585,0.6766594571416379,0.4787928438559276,0.052814929898840846,0.047234075406849374
0.97,0.3,1.25299641,0.7-1.0-1.4,0.005,128,128,0,0,1.0,1.0,0.9969949424890212,0.8149461008571575,0.5540947985057378,0.4152779448705851,0.17746533071604054,0.13886163844087346
0.97,0.3,1.25299641,0.7-1.0-1.4,0.01,128,128,0,0,1.0,1.0,0.999800471556488,0.8117421260289968,0.5042798563048186,0.4164157590741667,0.33665561696689106,0.30307040613825037
0.97,0.3,1.25299641,0.7-1.4-2.6,0.0001,128,128,128,128,1.0,1.0,0.9973204189491162,0.8217596427700343,0.5614212119236089,0.4487954309362483,0.0013388056585653119,0.0013552751893214365
0.97,0.3,1.25299641,0.7-1.4-2.6,0.001,128,128,128,128,1.0,1.0,0.998917089694997,0.8728987739055737,0.6051785589608549,0.434209315089618,0.013531614968132877,0.013051993480239055
0.97,0.3,1.25299641,0.7-1.4-2.6,0.005,128,128,0,18,1.0,1.0,0.9959083475980047,0.8896733393558917,0.5778899208031023,0.4219181949071586,0.06119346892737648,0.05471317098187456
0.97,0.3,1.25299641,0.7-1.4-2.6,0.01,128,128,0,0,1.0,1.0,0.9943282182621495,0.8593568070536827,0.5684370913418554,0.3379081921104642,0.09868193039762907,0.09171492283202048
0.97,0.3,1.25299641,0.7-1.9-2.6,0.0001,128,128,128,128,1.0,1.0,0.998304343398295,0.9559087660013478,0.6335964560727786,0.48435155754359427,0.0024660410698743584,0.002458998233693832
0.97,0.3,1.25299641,0.7-1.9-2.6,0.001,128,128,128,128,1.0,1.0,0.9959049299881124,0.9164083962975351,0.6301245969812633,0.47698113144692733,0.024262829892177373,0.024881649906766223
0.97,0.3,1.25299641,0.7-1.9-2.6,0.005,128,128,0,0,1.0,1.0,0.9974521395053815,0.8788842475385569,0.5116936022357684,0.37914335503319324,0.08953909038737051,0.09589894587257103
0.97,0.3,1.25299641,0.7-1.9-2.6,0.01,128,128,0,0,1.0,1.0,0.9941971657295263,0.8895427462535278,0.5931500802511073,0.4610369701890045,0.15245367155948764,0.13581472848188886
0.97,0.3,1.25299641,1.0-1.4-1.9,0.0001,128,128,128,128,1.0,1.0,0.9994727083034406,0.8454610791582734,0.6275347841355216,0.500476698783187,0.006418613740060974,0.006220496054590796
0.97,0.3,1.25299641,1.0-1.4-1.9,0.001,128,128,0,128,1.0,1.0,0.9967164746192594,0.9305599364594155,0.6113152152950379,0.49790315469267826,0.05889117754841189,0.056215108349268794
0.97,0.3,1.25299641,1.0-1.4-1.9,0.005,128,128,0,0,1.0,1.0,0.9993575096155901,0.8579353719873511,0.5205786772260137,0.4439634443327717,0.19728206503696144,0.20550243886001185
0.97,0.3,1.25299641,1.0-1.4-1.9,0.01,128,128,0,0,1.0,1.0,0.9950461283154273,0.8499087491597344,0.6856475626406602,0.43003282574914903,0.3756740827192516,0.31528051893375236
0.97,0.8,1.0198039,0.7-1.0-1.4,0.0001,128,128,128,128,1.0,1.0,0.9993653342450771,0.8263394066274449,0.5916464689261959,0.5092743767118497,0.00740218128662512,0.007007954117925819
0.97,0.8,1.0198039,0.7-1.0-1.4,0.001,128,128,0,128,1.0,1.0,0.9964812854804291,0.9153936809835947,0.6504039144904136,0.5046261129162868,0.06503391073401854,0.05932939274826077
0.97,0.8,1.0198039,0.7-1.0-1.4,0.005,128,128,0,0,1.0,1.0,0.9992638579490797,0.8518538559020247,0.5158395907977946,0.45345354545553435,0.2387418805557901,0.2346766307712576
0.97,0.8,1.0198039,0.7-1.0-1.4,0.01,128,128,0,0,1.0,1.0,0.995828408936504,0.7723125817463178,0.6090245833953117,0.41615663409519016,0.4316499466009188,0.3377109937961408
0.97,0.8,1.0198039,0.7-1.4-2.6,0.0001,128,128,128,128,1.0,1.0,0.9997984846896462,0.8743041181483527,0.5531844876243522,0.44773371911873405,0.0016078760778099888,0.001609741058270664
0.97,0.8,1.0198039,0.7-1.4-2.6,0.001,128,128,128,128,1.0,1.0,0.9972774162810112,0.9175603336156977,0.6308909196055555,0.39899840655682733,0.01607818431584751,0.015919411588329435
0.97,0.8,1.0198039,0.7-1.4-2.6,0.005,128,128,0,0,1.0,1.0,0.9946387911168744,0.7984281722055306,0.5104749614514752,0.42513661712999434,0.07085576603435595,0.06466233217553713
0.97,0.8,1.0198039,0.7-1.4-2.6,0.01,128,128,0,0,1.0,1.0,0.9926145804098594,0.8460972707956987,0.5331449946669256,0.3479627822397165,0.11555306991808734,0.09298231820131037
0.97,0.8,1.0198039,0.7-1.9-2.6,0.0001,128,128,128,128,1.0,1.0,0.999874866166354,0.9173680440170126,0.5596342212858743,0.46224929363032685,0.0027188788751117965,0.002693377715218881
0.97,0.8,1.0198039,0.7-1.9-2.6,0.001,128,128,128,128,1.0,1.0,0.9988319150082295,0.8646825066280696,0.5886954729082737,0.44598244875015614,0.027007440837314656,0.024514194870824457
0.97,0.8,1.0198039,0.7-1.9-2.6,0.005,128,128,0,0,1.0,1.0,0.9983110150859051,0.8383222639643705,0.5176512637626077,0.3786498951536016,0.09853599734578877,0.08024264148006965
0.97,0.8,1.0198039,0.7-1.9-2.6,0.01,128,128,0,0,1.0,1.0,0.9958166056753966,0.8262198050214363,0.5272970270721667,0.3182958889853397,0.17761175219429776,0.21073228277480782
0.97,0.8,1.0198039,1.0-1.4-1.9,0.0001,128,128,128,128,1.0,1.0,0.998825938420193,0.8480376072546005,0.6135142852003828,0.5016529277288615,0.007668597445945002,0.0077141841460176
0.97,0.8,1.0198039,1.0-1.4-1.9,0.001,128,128,0,128,1.0,1.0,0.9992551057850206,0.858847445559158,0.6296274479490421,0.5185716279595569,0.06682051471766481,0.06835287832704029
0.97,0.8,1.0198039,1.0-1.4-1.9,0.005,128,128,0,0,1.0,1.0,0.9990765989327683,0.7933356653265893,0.5314191589281472,0.409626208825068,0.2243799914278497,0.19132972676619198
0.97,0.8,1.0198039,1.0-1.4-1.9,0.01,128,128,0,0,1.0,1.0,0.9921433107548807,0.7439350645745193,0.4615029791977885,0.4016346483009216,0.46157548227829465,0.32607791705372563
0.97,0.8,1.25299641,0.7-1.0-1.4,0.0001,128,128,128,128,1.0,1.0,0.999665839133546,0.8452961671804056,0.5583157462021541,0.46756944034059594,0.007388040491969228,0.0075342206171390425
0.97,0.8,1.25299641,0.7-1.0-1.4,0.001,128,128,0,128,1.0,1.0,0.9990713863398915,0.8470636097572786,0.5921755685494429,0.44547930356771054,0.065901853028481,0.06293192350611637
0.97,0.8,1.25299641,0.7-1.0-1.4,0.005,128,128,0,0,1.0,1.0,0.9993552319066837,0.7891766130599251,0.6147734660690499,0.3770606470359992,0.2129613935218005,0.21256954176137804
0.97,0.8,1.25299641,0.7-1.0-1.4,0.01,128,128,0,0,1.0,1.0,0.9950022616238098,0.8692912858899222,0.6595899347684778,0.44137403943880066,0.4455455728652851,0.4792500303881553
0.97,0.8,1.25299641,0.7-1.4-2.6,0.0001,128,128,128,128,1.0,1.0,0.9998208231045116,0.8080421615012474,0.5461524824555491,0.47114981895796837,0.001602259944024964,0.0015965181170738418
0.97,0.8,1.25299641,0.7-1.4-2.6,0.001,128,128,128,128,1.0,1.0,0.9998355346349423,0.8626205775479739,0.5117419600028434,0.39925280875198604,0.01622222156024683,0.015680113222963976
0.97,0.8,1.25299641,0.7-1.4-2.6,0.005,128,128,0,0,1.0,1.0,0.9915962630973642,0.8780174661048337,0.509218693704118,0.3990515758570998,0.06869267175602534,0.06371633156912915
0.97,0.8,1.25299641,0.7-1.4-2.6,0.01,128,128,0,0,1.0,1.0,0.992937056781673,0.8863757567740886,0.5042186354087325,0.34041952525754055,0.11259013573012455,0.09936874227074272
0.97,0.8,1.25299641,0.7-1.9-2.6,0.0001,128,128,128,128,1.0,1.0,0.9998755362420348,0.9251053551705927,0.6929928031759685,0.5104302336897347,0.002716599474388237,0.0027504635035666136
0.97,0.8,1.25299641,0.7-1.9-2.6,0.001,128,128,128,128,1.0,1.0,0.9959098985469546,0.8673838512090932,0.6263209590330993,0.45411499036120495,0.027294619758231387,0.027873490533207368
0.97,0.8,1.25299641,0.7-1.9-2.6,0.005,128,128,0,0,1.0,1.0,0.998329960849055,0.9208926339216875,0.605217033888601,0.42619039017455673,0.10207616148982201,0.0972571810637895
0.97,0.8,1.25299641,0.7-1.9-2.6,0.01,128,128,0,0,1.0,1.0,0.9961325896154516,0.8156992869381823,0.5224122255001195,0.39407681188256066,0.16040439597254602,0.22178049699123126
0.97,0.8,1.25299641,1.0-1.4-1.9,0.0001,128,128,128,128,1.0,1.0,0.9993520834308979,0.8263969872805897,0.6238838737888746,0.44383738626121483,0.007738427878803078,0.007783393731300492
0.97,0.8,1.25299641,1.0-1.4-1.9,0.001,128,128,0,128,1.0,1.0,0.9985844597104713,0.7382939425923205,0.5728553494143283,0.47393218102570184,0.06850383846885949,0.06889082108647127
0.97,0.8,1.25299641,1.0-1.4-1.9,0.005,128,128,0,0,1.0,1.0,0.9943384446656705,0.7919474704374356,0.5712982940650863,0.4786197671525659,0.24465823136606568,0.20858593164217942
0.97,0.8,1.25299641,1.0-1.4-1.9,0.01,128,128,0,0,1.0,1.0,0.9983364193224615,0.7558676551718864,0.5056563559292315,0.40936702136968145,0.4510268293492117,0.49176789172201935
0.97,1.5,1.0198039,0.7-1.0-1.4,0.0001,128,128,128,128,1.0,1.0,0.9997127683124781,0.8325805941470511,0.6762659800967856,0.5263878633913837,0.011255743365836568,0.011332888688481535
0.97,1.5,1.0198039,0.7-1.0-1.4,0.001,128,128,0,0,1.0,1.0,0.9986874641278115,0.8573524737340997,0.5673669743598988,0.4193393338890805,0.08286201714245173,0.08568077138196417
0.97,1.5,1.0198039,0.7-1.0-1.4,0.005,128,128,0,0,1.0,1.0,0.9986642421338988,0.7718774164770555,0.5646973938178429,0.42766088976574823,0.33606334965388657,0.2869783455416175
0.97,1.5,1.0198039,0.7-1.0-1.4,0.01,128,128,0,0,1.0,1.0,0.9925765916263858,0.7509750114880703,0.5893997503493259,0.4850640924835085,0.6,0.6
0.97,1.5,1.0198039,0.7-1.4-2.6,0.0001,128,128,128,128,1.0,1.0,0.999407977409786,0.7875080358342748,0.5058911959479119,0.37300159966206037,0.002251842469035925,0.0021507059714367394
0.97,1.5,1.0198039,0.7-1.4-2.6,0.001,128,128,128,128,1.0,1.0,0.9983395028373121,0.802322360581982,0.47258726817617985,0.3875088507872075,0.02245219623482625,0.02173149024733001
0.97,1.5,1.0198039,0.7-1.4-2.6,0.005,128,128,0,0,1.0,1.0,0.9927846138537821,0.8843254491224675,0.5198273639803538,0.34518418311440835,0.08238498492612506,0.09068256678660297
0.97,1.5,1.0198039,0.7-1.4-2.6,0.01,128,128,0,0,1.0,1.0,0.9968376224062988,0.8303074670383689,0.5640762622909965,0.3673485397896154,0.1523198722838971,0.11726747144220473
0.97,1.5,1.0198039,0.7-1.9-2.6,0.0001,128,128,128,128,1.0,1.0,0.9997131360352591,0.8083278044202982,0.5985378077432586,0.4794537009120674,0.0033729564932400424,0.0033849695149195114
0.97,1.5,1.0198039,0.7-1.9-2.6,0.001,128,128,0,128,1.0,1.0,0.998933887945528,0.8920615397919295,0.6773416057497037,0.48407226434819134,0.033530895414332795,0.03376967685874155
0.97,1.5,1.0198039,0.7-1.9-2.6,0.005,128,128,0,0,1.0,1.0,0.9995013931070821,0.872779369745492,0.5507020511696012,0.35620692055395653,0.10819383396501514,0.12938046708212236
0.97,1.5,1.0198039,0.7-1.9-2.6,0.01,128,128,0,0,1.0,1.0,0.998436838906944,0.8468032073841409,0.6089265225528054,0.4432675230849239,0.21411607292111534,0.25934684404059
0.97,1.5,1.0198039,1.0-1.4-1.9,0.0001,128,128,128,128,1.0,1.0,0.9977090968889009,0.7615986549015034,0.5533776578346792,0.4879692823763052,0.010386840711817003,0.01026469132329344
0.97,1.5,1.0198039,1.0-1.4-1.9,0.001,128,128,0,0,1.0,1.0,0.9950099344104066,0.8803882521427026,0.7288784496554908,0.4627371714860278,0.08130502154026542,0.07533700841301239
0.97,1.5,1.0198039,1.0-1.4-1.9,0.005,128,128,0,0,1.0,1.0,0.9921719480989224,0.7639473924445472,0.494031796599424,0.3451301946802342,0.30320114804499104,0.2717903479851304
0.97,1.5,1.0198039,1.0-1.4-1.9,0.01,128,128,0,0,1.0,1.0,0.9850565111819396,0.7343311572621797,0.5115359185772862,0.4047880024575733,0.6,0.5254471237217271
0.97,1.5,1.25299641,0.7-1.0-1.4,0.0001,128,128,128,128,1.0,1.0,0.9987706672814616,0.8927514884107449,0.5843478610194985,0.4681390915049578,0.011231040232132672,0.011394349181185759
0.97,1.5,1.25299641,0.7-1.0-1.4,0.001,128,128,0,0,1.0,1.0,0.99624310144699,0.8357191016980612,0.662479305014665,0.42057586050176243,0.08686005340550779,0.09132111488960654
0.97,1.5,1.25299641,0.7-1.0-1.4,0.005,128,128,0,0,1.0,1.0,0.9979334103150705,0.816030547734387,0.6941455049540428,0.38104023868424747,0.33365619339879227,0.20341826081732967
0.97,1.5,1.25299641,0.7-1.0-1.4,0.01,128,128,0,0,1.0,1.0,0.9965397463546537,0.7466679840736232,0.6116651092170172,0.3548319666982253,0.6,0.4543449639776011
0.97,1.5,1.25299641,0.7-1.4-2.6,0.0001,128,128,128,128,1.0,1.0,0.99767704415437,0.8454513383135533,0.5818365276868146,0.3678748281813018,0.0022468696005489286,0.002265159395190508
0.97,1.5,1.25299641,0.7-1.4-2.6,0.001,128,128,128,128,1.0,1.0,0.9997623328315215,0.8308725281371729,0.5779582607244174,0.3767889081618789,0.02256388595596953,0.02190277125622897
0.97,1.5,1.25299641,0.7-1.4-2.6,0.005,128,128,0,0,1.0,1.0,0.9975711428003513,0.8011197578668958,0.3620606478535837,0.3462181933781333,0.08593942037659852,0.07358468360148102
0.97,1.5,1.25299641,0.7-1.4-2.6,0.01,128,128,0,0,1.0,1.0,0.9904541151361842,0.7720697598108986,0.4344389399434095,0.3061376625601557,0.14554656537586635,0.11978836201389437
0.97,1.5,1.25299641,0.7-1.9-2.6,0.0001,128,128,128,128,1.0,1.0,0.9999680391249861,0.8704364966795447,0.6049402679887772,0.5026316975966169,0.0033306146166068307,0.0031299606594187845
0.97,1.5,1.25299641,0.7-1.9-2.6,0.001,128,128,0,128,1.0,1.0,0.9978963127465892,0.8845391290839495,0.584633148008561,0.471671463167678,0.03365846519864152,0.03263175334391749
0.97,1.5,1.25299641,0.7-1.9-2.6,0.005,128,128,0,0,1.0,1.0,0.999296097227249,0.8549555458439502,0.49525264278292097,0.41167611091150164,0.10901453520164073,0.12264746845400759
0.97,1.5,1.25299641,0.7-1.9-2.6,0.01,128,128,0,0,1.0,1.0,0.9970570561070713,0.8209080793820942,0.6048750467679855,0.4577253478672917,0.20652141452528666,0.1829245533058123
0.97,1.5,1.25299641,1.0-1.4-1.9,0.0001,128,128,128,128,1.0,1.0,0.9986327308483508,0.7494119625429564,0.5642659728603497,0.4586326912987546,0.01048554302215049,0.010154294568313516
0.97,1.5,1.25299641,1.0-1.4-1.9,0.001,128,128,0,0,1.0,1.0,0.9983721466346573,0.8768000860612983,0.7337109542828358,0.4512803972732914,0.07752545767070829,0.07292502971883957
0.97,1.5,1.25299641,1.0-1.4-1.9,0.005,128,128,0,0,1.0,1.0,0.9957699620243124,0.7965401557522771,0.6377356174796611,0.40486112694700915,0.3096359425901939,0.26949730090830315
0.97,1.5,1.25299641,1.0-1.4-1.9,0.01,128,128,0,0,1.0,1.0,0.995928763845231,0.8177383519546482,0.6307902138693421,0.41246525011762647,0.6,0.6
