order,damping,morphology_abs,frequencies,relative_error,draw,u_w,u_r,u_alpha,alpha_error,alpha_bound,chain_contains,disk_residual
0.5,0.3,1.019803902718557,0.7-1.0-1.4,0.0001,100,0.9617473286947521,0.8853039067788468,0.8466301967921332,0.0063492676732493925,0.0074994580837143,1,-5.161829116148047e-05
0.5,0.3,1.019803902718557,0.7-1.0-1.4,0.001,66,0.9185673185870769,0.799179764908484,0.7595707927077301,0.05881107854602308,0.07742672455370803,1,-0.0008250338378416947
0.5,0.3,1.019803902718557,0.7-1.0-1.4,0.005,25,0.977126646170827,0.739488066888611,0.6537679074379696,0.28715651424790845,0.4392331146587434,1,-0.0038664256042025037
0.5,0.3,1.019803902718557,0.7-1.0-1.4,0.01,70,0.8812177345928419,0.531466532210569,0.447163415065537,0.4479407861083926,1.001738449561536,1,-0.01540011650197232
0.5,0.3,1.019803902718557,0.7-1.4-2.6,0.0001,122,0.9716939821302321,0.8591093576069107,0.733443366167513,0.0014089208024417044,0.0019209674085727802,1,-6.917205875792495e-05
0.5,0.3,1.019803902718557,0.7-1.4-2.6,0.001,43,0.9899170718834399,0.908597748169221,0.8259128681638802,0.016082612564150667,0.019472529347925725,1,-0.00040504822310735277
0.5,0.3,1.019803902718557,0.7-1.4-2.6,0.005,106,0.9779399625355691,0.812810085256101,0.768900043805636,0.0732248385321328,0.09523323495952707,1,-0.004448297627095452
0.5,0.3,1.019803902718557,0.7-1.4-2.6,0.01,63,0.9897245398916258,0.6222211230760042,0.5605712843280136,0.12247618869741927,0.21848459263167208,1,-0.015512371617374392
0.5,0.3,1.019803902718557,0.7-1.9-2.6,0.0001,84,0.9723095166367174,0.9402762455547675,0.8848758973550608,0.0026460497898368462,0.0029903060957429443,1,-2.377932196116132e-05
0.5,0.3,1.019803902718557,0.7-1.9-2.6,0.001,81,0.9982570516814572,0.7341755708988629,0.6606929256838937,0.019911717281138497,0.030137627492420268,1,-0.0010503262637659569
0.5,0.3,1.019803902718557,0.7-1.9-2.6,0.005,29,0.9875136637636139,0.8235304223060866,0.675726866102557,0.09999999999999998,0.1479887880983301,1,-0.0034349788566317083
0.5,0.3,1.019803902718557,0.7-1.9-2.6,0.01,108,0.9010240578895271,0.7191051817079638,0.6373017701602862,0.2106989566254922,0.33061097032964437,1,-0.008986986348344987
0.5,0.3,1.019803902718557,1.0-1.4-1.9,0.0001,0,0.970825221948412,0.7981484927994617,0.6491809643722999,0.005565305610252813,0.008572810842711581,1,-0.00010155754158933984
0.5,0.3,1.019803902718557,1.0-1.4-1.9,0.001,110,0.982095521216838,0.7655198215364568,0.7331745415344308,0.06469712371417724,0.08824245803567496,1,-0.0011016328256760006
0.5,0.3,1.019803902718557,1.0-1.4-1.9,0.005,100,0.8497868111723139,0.6707022755160492,0.5814412754812845,0.29152299077468335,0.5013799382119491,1,-0.006319946552977088
0.5,0.3,1.019803902718557,1.0-1.4-1.9,0.01,54,0.9715572248925658,0.6022532300920119,0.4470457384291985,0.5,1.118453788994542,1,-0.0126546718527916
0.5,0.3,1.252996408614167,0.7-1.0-1.4,0.0001,100,0.9751768724830328,0.8322325314453937,0.7609126411799784,0.005707720306781905,0.0075011505892854,1,-6.145963523230175e-05
0.5,0.3,1.252996408614167,0.7-1.0-1.4,0.001,44,0.9802695889225491,0.8224062682022273,0.7701104979030087,0.057476689885334054,0.07463434148974936,1,-0.0006417133321291674
0.5,0.3,1.252996408614167,0.7-1.0-1.4,0.005,119,0.9809104294194568,0.7844990848008593,0.6123458864193729,0.2671127866216917,0.4362122658871853,1,-0.0022741680651278233
0.5,0.3,1.252996408614167,0.7-1.0-1.4,0.01,67,0.913648387947833,0.5742863558652562,0.4908083818584286,0.5,1.0187275084968346,1,-0.010180557646735044
0.5,0.3,1.252996408614167,0.7-1.4-2.6,0.0001,75,0.9488210494498845,0.7213988939801032,0.6593966520437194,0.001264852233725744,0.0019181963235716905,1,-0.00011192383123458257
0.5,0.3,1.252996408614167,0.7-1.4-2.6,0.001,73,0.880972070401878,0.768473258582033,0.7238759834899214,0.01385838161031644,0.019144690425427536,1,-0.0009248016949820852
0.5,0.3,1.252996408614167,0.7-1.4-2.6,0.005,1,0.9676199665394142,0.829316235107553,0.7580151667417782,0.07807039065473864,0.10299317755120029,1,-0.002546631436291101
0.5,0.3,1.252996408614167,0.7-1.4-2.6,0.01,25,0.9034826206052594,0.7494339508398781,0.6038785963854068,0.13223183983159303,0.21897090014960585,1,-0.006961414679626271
0.5,0.3,1.252996408614167,0.7-1.9-2.6,0.0001,74,0.9294832297696577,0.7774068081443729,0.7225443800046456,0.002160210232614368,0.0029897267107668584,1,-7.288191088674001e-05
0.5,0.3,1.252996408614167,0.7-1.9-2.6,0.001,79,0.9354560839489382,0.8206985451499162,0.757471117020628,0.02284811163845013,0.030163673736259326,1,-0.0005675899578132075
0.5,0.3,1.252996408614167,0.7-1.9-2.6,0.005,12,0.9979318609549236,0.7762353537812053,0.6836359273919866,0.10735626405621579,0.15703718858921134,1,-0.0031713287792830384
0.5,0.3,1.252996408614167,0.7-1.9-2.6,0.01,53,0.9670625080794149,0.7665193458853612,0.5869803580960811,0.19160616888311766,0.32642688335365766,1,-0.005708277136016519
0.5,0.3,1.252996408614167,1.0-1.4-1.9,0.0001,82,0.9996185358110402,0.8756629512013738,0.8277577339879807,0.00706871233269335,0.008539590803504337,1,-5.124620309783593e-05
0.5,0.3,1.252996408614167,1.0-1.4-1.9,0.001,116,0.8261504488286163,0.7080896183977308,0.6845140525410146,0.05823634223415852,0.0850769126184873,1,-0.0011925355416477833
0.5,0.3,1.252996408614167,1.0-1.4-1.9,0.005,125,0.9941352702643548,0.7048025050411124,0.6032072728881005,0.3003160628819387,0.49786545418136824,1,-0.004342113164894041
0.5,0.3,1.252996408614167,1.0-1.4-1.9,0.01,22,0.917280155164319,0.5081650929787849,0.4536006510851099,0.5,1.1022911867606295,1,-0.015179474111494323
0.5,0.8,1.019803902718557,0.7-1.0-1.4,0.0001,98,0.9586859137218997,0.7829853191768624,0.7522250805013282,0.007893660800254942,0.010493748486814785,1,-0.0001366521550105153
0.5,0.8,1.019803902718557,0.7-1.0-1.4,0.001,52,0.971150722671733,0.7241465851899952,0.6743595258993792,0.0741552441431852,0.10996396031373012,1,-0.001597469022935308
0.5,0.8,1.019803902718557,0.7-1.0-1.4,0.005,56,0.9958758472181007,0.6460883510269569,0.5517471451815646,0.35509823551983577,0.6435887138174187,1,-0.007653179243731642
0.5,0.8,1.019803902718557,0.7-1.0-1.4,0.01,69,0.9546919950028133,0.3999166824892943,0.32443812872290057,0.5,1.5411258903759895,1,-0.02877749849844191
0.5,0.8,1.019803902718557,0.7-1.4-2.6,0.0001,34,0.9951057187410101,0.7870497067425349,0.7386630129848116,0.0019323092508783946,0.0026159550659918132,1,-0.00014333104863346793
0.5,0.8,1.019803902718557,0.7-1.4-2.6,0.001,34,0.9566224343096906,0.8508868938899469,0.7841095416236433,0.02043559831181485,0.02606217272844197,1,-0.000992467754182015
0.5,0.8,1.019803902718557,0.7-1.4-2.6,0.005,95,0.9828818017560332,0.7692035287402171,0.6976249246354846,0.10099956545959698,0.14477631445345818,1,-0.0058188723826014845
0.5,0.8,1.019803902718557,0.7-1.4-2.6,0.01,16,0.9012882177334367,0.6468432732676904,0.5547094389716778,0.1768465904867298,0.31880941275232055,1,-0.017145780397986962
0.5,0.8,1.019803902718557,0.7-1.9-2.6,0.0001,45,0.9957374832596361,0.8598154587541975,0.8081626786040262,0.003113209412003992,0.0038522063619438243,1,-7.235146836527355e-05
0.5,0.8,1.019803902718557,0.7-1.9-2.6,0.001,79,0.9994408876127375,0.916133113543201,0.8330389284060374,0.03198969981785915,0.038401206386680195,1,-0.00042812772064464936
0.5,0.8,1.019803902718557,0.7-1.9-2.6,0.005,36,0.9448753279829177,0.7554254819730933,0.6923439517678376,0.14252393348033365,0.2058571221954228,1,-0.0052886779822835205
0.5,0.8,1.019803902718557,0.7-1.9-2.6,0.01,60,0.8392208400646999,0.7070598439772701,0.6268877419025461,0.2804720662032195,0.44740397276235266,1,-0.011025454402721471
0.5,0.8,1.019803902718557,1.0-1.4-1.9,0.0001,88,0.9690361314362363,0.9056114549640332,0.8743705680755341,0.00999601204621281,0.011432237555998438,1,-6.397930705625188e-05
0.5,0.8,1.019803902718557,1.0-1.4-1.9,0.001,123,0.9847189811484253,0.75794408682362,0.7336165128941343,0.08332409921513317,0.11357991232560681,1,-0.001618320836536435
0.5,0.8,1.019803902718557,1.0-1.4-1.9,0.005,106,0.9861787985988986,0.6442192853271418,0.581328674735042,0.4197277604300327,0.7220145481750685,1,-0.0081990562400996
0.5,0.8,1.019803902718557,1.0-1.4-1.9,0.01,66,0.9277679113931044,0.5560625260254217,0.299415550454214,0.5,1.6699199465141306,1,-0.016849484322482164
0.5,0.8,1.252996408614167,0.7-1.0-1.4,0.0001,113,0.9184011096640355,0.7383651502586509,0.7074321528185075,0.0074233503994037275,0.010493374339614158,1,-0.00013411334322389922
0.5,0.8,1.252996408614167,0.7-1.0-1.4,0.001,114,0.9516507509904535,0.7383511978263959,0.7122085535227292,0.07436122742201412,0.1044093433787172,1,-0.0013228362374878358
0.5,0.8,1.252996408614167,0.7-1.0-1.4,0.005,96,0.8914849915982366,0.6928375690357025,0.6222679478913997,0.41379434585342123,0.6649777595898897,1,-0.004581585853123148
0.5,0.8,1.252996408614167,0.7-1.0-1.4,0.01,111,0.9534085232857509,0.42336167515567025,0.3492276941877065,0.5,1.4317306683336941,1,-0.022234753443301072
0.5,0.8,1.252996408614167,0.7-1.4-2.6,0.0001,89,0.8995313150648225,0.8096111574006786,0.7589409305914812,0.0019853223128847852,0.0026159115062321424,1,-0.00010428814161876366
0.5,0.8,1.252996408614167,0.7-1.4-2.6,0.001,85,0.9120388194172052,0.835745433759471,0.789063729686045,0.020564412725798287,0.02606178937407314,1,-0.000891500585606218
0.5,0.8,1.252996408614167,0.7-1.4-2.6,0.005,105,0.855098814010632,0.7285267225531584,0.6338068437978682,0.09139424892218795,0.14419889879153014,1,-0.005988679729516021
0.5,0.8,1.252996408614167,0.7-1.4-2.6,0.01,42,0.9806706912210078,0.5503243616255162,0.48636693081729215,0.14898922584434326,0.30633091274108915,1,-0.020294467435390567
0.5,0.8,1.252996408614167,0.7-1.9-2.6,0.0001,85,0.9241166264052532,0.7337467401795177,0.6914809668129998,0.002659931280868444,0.003846716552630408,1,-0.00011250602007962244
0.5,0.8,1.252996408614167,0.7-1.9-2.6,0.001,32,0.9430759953605375,0.9077345635437796,0.838523501294604,0.03217830315643355,0.03837495682202488,1,-0.0003841717127099917
0.5,0.8,1.252996408614167,0.7-1.9-2.6,0.005,75,0.9256396567172843,0.568810274789967,0.5211858566361077,0.10626326115361728,0.2038874612589696,1,-0.008525363603610527
0.5,0.8,1.252996408614167,0.7-1.9-2.6,0.01,82,0.9754452645600291,0.757725425042458,0.6440835301954342,0.2900678781370516,0.450357546091943,1,-0.006525649323809481
0.5,0.8,1.252996408614167,1.0-1.4-1.9,0.0001,110,0.9963711956729889,0.8321670328200588,0.7541137818795044,0.008622208467386372,0.011433564369950829,1,-9.260950268243919e-05
0.5,0.8,1.252996408614167,1.0-1.4-1.9,0.001,107,0.9349691642649149,0.7451882572564476,0.71830550938508,0.08160992127523059,0.11361449997104216,1,-0.001387753092682944
0.5,0.8,1.252996408614167,1.0-1.4-1.9,0.005,67,0.9336297449556795,0.6854647837610538,0.6074246385205598,0.4363170587119387,0.7183064878214854,1,-0.00528988794997132
0.5,0.8,1.252996408614167,1.0-1.4-1.9,0.01,117,0.9154940719145802,0.36913747139259195,0.326311977726164,0.5,1.5322759632795102,1,-0.028369941534410272
0.5,1.5,1.019803902718557,0.7-1.0-1.4,0.0001,104,0.8979159741597132,0.8234619263448624,0.7579599238909338,0.011467589135463863,0.015129545473322393,1,-0.00015601636295963233
0.5,1.5,1.019803902718557,0.7-1.0-1.4,0.001,112,0.9504330319446126,0.7426839419809503,0.6703371778395737,0.09999999999999998,0.14917865710848602,1,-0.0022755725540001973
0.5,1.5,1.019803902718557,0.7-1.0-1.4,0.005,74,0.891200148736293,0.6313527295673593,0.4633984150906654,0.5,1.078985131837737,1,-0.008183766166947465
0.5,1.5,1.019803902718557,0.7-1.0-1.4,0.01,123,0.9603056187639244,0.3554654616604951,0.20645116370029834,0.45022376916822393,2.1807761268994645,1,-0.04311563956141147
0.5,1.5,1.019803902718557,0.7-1.4-2.6,0.0001,44,0.9737053520377826,0.8147977961365847,0.7356220248228468,0.0027186734618226405,0.0036957477754657416,1,-0.0001760177442369557
0.5,1.5,1.019803902718557,0.7-1.4-2.6,0.001,25,0.9409620602737513,0.7543645370604346,0.6800603954255366,0.02504086632484359,0.036821533048068004,1,-0.002310094461517187
0.5,1.5,1.019803902718557,0.7-1.4-2.6,0.005,26,0.9709219054199705,0.7537872835846722,0.6712424263339941,0.14502634389327795,0.21605658135368863,1,-0.007547128206211055
0.5,1.5,1.019803902718557,0.7-1.4-2.6,0.01,68,0.9133772002544973,0.6313287243670282,0.4677894574564722,0.23558877007444612,0.5036213756407019,1,-0.020577286798464586
0.5,1.5,1.019803902718557,0.7-1.9-2.6,0.0001,63,0.9905086011048839,0.8568065330819764,0.8140924731977051,0.004200215280252384,0.0051593835080604505,1,-9.968580213474303e-05
0.5,1.5,1.019803902718557,0.7-1.9-2.6,0.001,30,0.981909343500932,0.7858671918121164,0.746630436631592,0.03837701555276002,0.05140028275018782,1,-0.0014780799666186143
0.5,1.5,1.019803902718557,0.7-1.9-2.6,0.005,15,0.9737418006392675,0.8544525778657458,0.7540970052619173,0.2180521732232591,0.2891566624741123,1,-0.0025983714756689646
0.5,1.5,1.019803902718557,0.7-1.9-2.6,0.01,6,0.9365712029701356,0.6266928479940341,0.5440266059686462,0.3277828749252878,0.6025125817912275,1,-0.01934065552685567
0.5,1.5,1.019803902718557,1.0-1.4-1.9,0.0001,1,0.9534501271332901,0.8536671281851935,0.8005332543100067,0.012668773720361015,0.015825418434716305,1,-0.0001372679309446001
0.5,1.5,1.019803902718557,1.0-1.4-1.9,0.001,102,0.9543155255464565,0.811702575064531,0.6359963938151624,0.09999999999999998,0.15723359593303396,1,-0.001706632313502046
0.5,1.5,1.019803902718557,1.0-1.4-1.9,0.005,43,0.9591303042609561,0.5852279378772385,0.4610656795826014,0.5,1.0844441955702395,1,-0.012396698133327833
0.5,1.5,1.019803902718557,1.0-1.4-1.9,0.01,3,0.7887879999630418,0.266508962350618,0.19780766958526227,0.5,2.5277078540399156,1,-0.056319771217748275
0.5,1.5,1.252996408614167,0.7-1.0-1.4,0.0001,50,0.9158783733566718,0.7866032390052826,0.7608892880715106,0.01142439419218133,0.015014528882561471,1,-0.00015648060018453745
0.5,1.5,1.252996408614167,0.7-1.0-1.4,0.001,83,0.9823088055157106,0.6972143339394394,0.6340311392861634,0.10127235875679619,0.1597277365127771,1,-0.001994838758129981
0.5,1.5,1.252996408614167,0.7-1.0-1.4,0.005,107,0.9936679607057036,0.5856610045756341,0.4622043990609451,0.48030552201453225,1.039162593411839,1,-0.00942257199176099
0.5,1.5,1.252996408614167,0.7-1.0-1.4,0.01,28,0.874353543144036,0.3294903282973216,0.20635289688134312,0.5,2.4230335873962052,1,-0.03662772763825676
0.5,1.5,1.252996408614167,0.7-1.4-2.6,0.0001,67,0.9820777301604791,0.7847915888372335,0.7238792086236524,0.00268321734984045,0.0037067197370431247,1,-0.00016545980253988802
0.5,1.5,1.252996408614167,0.7-1.4-2.6,0.001,9,0.9620654744499268,0.8122563092306226,0.7676975113006986,0.02823945594927857,0.03678461312377172,1,-0.0014358457150910817
0.5,1.5,1.252996408614167,0.7-1.4-2.6,0.005,12,0.9868541821612326,0.6682311202223815,0.5995496578982078,0.1263963593285553,0.21081883320833286,1,-0.010025748447008955
0.5,1.5,1.252996408614167,0.7-1.4-2.6,0.01,27,0.8592127298101971,0.5739283800317824,0.4970929036891953,0.24489312684772835,0.4926506192911707,1,-0.02229519004569231
0.5,1.5,1.252996408614167,0.7-1.9-2.6,0.0001,92,0.9669063607105254,0.860037812379574,0.779828007927191,0.004033457731748236,0.005172240148785245,1,-7.867821568476345e-05
0.5,1.5,1.252996408614167,0.7-1.9-2.6,0.001,52,0.9123808941790691,0.7401227041235476,0.6867013249430712,0.03617791813794602,0.05268362943808975,1,-0.0014140209936128953
0.5,1.5,1.252996408614167,0.7-1.9-2.6,0.005,65,0.9891243948876369,0.5793352586099948,0.51239856561603,0.14492288160654443,0.28283233274142994,1,-0.010745595524347912
0.5,1.5,1.252996408614167,0.7-1.9-2.6,0.01,58,0.9440626024540979,0.7328117090735022,0.5988738824152992,0.3829136821135761,0.6393895164859406,1,-0.0081073181879448
0.5,1.5,1.252996408614167,1.0-1.4-1.9,0.0001,111,0.9405589880742348,0.7746970654144266,0.7156070450403151,0.011326565371928055,0.01582791205093565,1,-0.00017209926600795936
0.5,1.5,1.252996408614167,1.0-1.4-1.9,0.001,14,0.9099067019588705,0.7750739525833652,0.6384465851681485,0.09999999999999998,0.15663017443137056,1,-0.0016820904745150841
0.5,1.5,1.252996408614167,1.0-1.4-1.9,0.005,102,0.876198670667837,0.5335073691865426,0.4595584638893198,0.5,1.0880008514442683,1,-0.012709528067970984
0.5,1.5,1.252996408614167,1.0-1.4-1.9,0.01,26,0.9525560564400533,0.5245360049987858,0.20167633960696857,0.5,2.479219927208176,1,-0.016637568319311097
0.7,0.3,1.019803902718557,0.7-1.0-1.4,0.0001,30,0.9982086132383156,0.8711802838199993,0.6289631858141799,0.003266129349867697,0.005192878412493666,1,-5.377240613068258e-05
0.7,0.3,1.019803902718557,0.7-1.0-1.4,0.001,67,0.9833192127667415,0.7169818314035654,0.6499692212326509,0.03364575985660867,0.0517651586528979,1,-0.0011838239657166899
0.7,0.3,1.019803902718557,0.7-1.0-1.4,0.005,113,0.9890546773214359,0.7004745661216809,0.6465785818347255,0.16624267921033598,0.2571113301319188,1,-0.006101452971789422
0.7,0.3,1.019803902718557,0.7-1.0-1.4,0.01,80,0.973645548952482,0.6006916287372952,0.5081428391813354,0.26568947347623173,0.5228637559948336,1,-0.015722121344733057
0.7,0.3,1.019803902718557,0.7-1.4-2.6,0.0001,31,0.9038950117024933,0.8038258090612829,0.6356668882236783,0.0008703093791155858,0.0013691280688657508,1,-9.702390698632422e-05
0.7,0.3,1.019803902718557,0.7-1.4-2.6,0.001,82,0.9336790418302474,0.7602975536846815,0.6001519046179692,0.008284837441442594,0.013804567439832362,1,-0.0011637744026022534
0.7,0.3,1.019803902718557,0.7-1.4-2.6,0.005,79,0.9638176370728421,0.8393290136427726,0.6988564178809835,0.04759724247760466,0.06810732685538642,1,-0.0038603838957097583
0.7,0.3,1.019803902718557,0.7-1.4-2.6,0.01,119,0.9501573592700608,0.6932463402081177,0.5459018750907558,0.08098607442625494,0.14835280500326373,1,-0.013113957434796465
0.7,0.3,1.019803902718557,0.7-1.9-2.6,0.0001,13,0.9747413279055163,0.8782119225810225,0.7331997029531068,0.0016165630371689499,0.002204805908482945,1,-5.2713992277718185e-05
0.7,0.3,1.019803902718557,0.7-1.9-2.6,0.001,39,0.965763993191268,0.9053335558284957,0.7734817115106151,0.017041276990676257,0.022031906814441064,1,-0.0004060299380141217
0.7,0.3,1.019803902718557,0.7-1.9-2.6,0.005,40,0.9657102438860328,0.8480699259454915,0.7104413444723101,0.08106932130631339,0.1141112097952699,1,-0.002791829710814056
0.7,0.3,1.019803902718557,0.7-1.9-2.6,0.01,83,0.9615384476533864,0.8857675812150265,0.7497590125491485,0.16436105801803924,0.21921851590582245,1,-0.004491753202746571
0.7,0.3,1.019803902718557,1.0-1.4-1.9,0.0001,100,0.9304987332521234,0.745609855902387,0.6630235013132655,0.003885253539556377,0.005859903203824251,1,-0.00012821754181423727
0.7,0.3,1.019803902718557,1.0-1.4-1.9,0.001,126,0.7852520939747726,0.7583760034046471,0.6828674615684227,0.03992178743828845,0.05846198520953882,1,-0.0012084438186394223
0.7,0.3,1.019803902718557,1.0-1.4-1.9,0.005,106,0.8446460173092016,0.6426742783772055,0.5633461824392596,0.1816955129472264,0.3225290569299579,1,-0.007839880654870453
0.7,0.3,1.019803902718557,1.0-1.4-1.9,0.01,24,0.7151658846972209,0.607874630335324,0.5140461873580181,0.29999999999999993,0.5836051455645925,1,-0.01860181657201352
0.7,0.3,1.252996408614167,0.7-1.0-1.4,0.0001,102,0.6998195088863715,0.6883032909463419,0.579323463080987,0.003008252405834355,0.0051926990663138635,1,-0.00010654441118568083
0.7,0.3,1.252996408614167,0.7-1.0-1.4,0.001,108,0.955254078756646,0.7887561600767342,0.7038774309178594,0.03715380887369968,0.052784486675827844,1,-0.0006861051555801106
0.7,0.3,1.252996408614167,0.7-1.0-1.4,0.005,101,0.89456730045337,0.7372139985091005,0.6777777375863842,0.17410886611360166,0.25688194884301746,1,-0.004332361621472462
0.7,0.3,1.252996408614167,0.7-1.0-1.4,0.01,37,0.8523180678805841,0.6727801080771908,0.5865192479454574,0.29999999999999993,0.51149216509242,1,-0.010471508185632618
0.7,0.3,1.252996408614167,0.7-1.4-2.6,0.0001,9,0.9747796902844585,0.7081611738739607,0.5760565646373371,0.0007893621898804604,0.0013702859030474068,1,-0.00011737757609282812
0.7,0.3,1.252996408614167,0.7-1.4-2.6,0.001,46,0.9674649171384954,0.7896188513937727,0.6451032145825765,0.008826473981571215,0.013682266313434067,1,-0.0008432414797190989
0.7,0.3,1.252996408614167,0.7-1.4-2.6,0.005,22,0.9563524980960566,0.8204730513276147,0.6771406211088675,0.04621489740397933,0.06825007385954639,1,-0.0035176835960969953
0.7,0.3,1.252996408614167,0.7-1.4-2.6,0.01,5,0.9482054447333492,0.8674852934921037,0.7107803462376941,0.09599404635946485,0.13505444666215236,1,-0.004948725754428132
0.7,0.3,1.252996408614167,0.7-1.9-2.6,0.0001,112,0.9003596909172623,0.8579973403312641,0.7396179494428451,0.0016306214696669707,0.002204680769166459,1,-5.003237963050486e-05
0.7,0.3,1.252996408614167,0.7-1.9-2.6,0.001,71,0.9509176048630495,0.8620203231399884,0.6675996884028125,0.01482138668652655,0.02220100899385637,1,-0.0004708965039600505
0.7,0.3,1.252996408614167,0.7-1.9-2.6,0.005,24,0.9937984874193824,0.8022427645974629,0.6855078546532732,0.07558409382781983,0.11025999675240764,1,-0.00339170354572353
0.7,0.3,1.252996408614167,0.7-1.9-2.6,0.01,72,0.9501109363328011,0.793655852666169,0.7067299615163424,0.15594334019333478,0.22065477436211506,1,-0.006921309349082822
0.7,0.3,1.252996408614167,1.0-1.4-1.9,0.0001,120,0.9437564214505657,0.6404516154859101,0.5679992834726058,0.0033344999626934158,0.005870605931590469,1,-0.00014726607155111964
0.7,0.3,1.252996408614167,1.0-1.4-1.9,0.001,87,0.8590915851654409,0.6922653107676078,0.6316660440865773,0.03693985304416869,0.058480036072836056,1,-0.0012545167737227428
0.7,0.3,1.252996408614167,1.0-1.4-1.9,0.005,45,0.9681901775443253,0.8083218604052473,0.7487955918541117,0.21639073443620882,0.2889850538521444,1,-0.003742042003261375
0.7,0.3,1.252996408614167,1.0-1.4-1.9,0.01,97,0.9312586887848701,0.7117680459689224,0.5248558356240077,0.29999999999999993,0.5715855281352186,1,-0.011014525527617676
0.7,0.8,1.019803902718557,0.7-1.0-1.4,0.0001,47,0.9840235069235097,0.8551462431082594,0.7061633496764051,0.005072147274040595,0.007182682698507185,1,-8.330549159594417e-05
0.7,0.8,1.019803902718557,0.7-1.0-1.4,0.001,106,0.9096717884032418,0.691277775849676,0.6112664240270129,0.04374083788752614,0.07155773026001042,1,-0.0017797831796111246
0.7,0.8,1.019803902718557,0.7-1.0-1.4,0.005,46,0.9791101557599494,0.7433324202476668,0.6688981673740193,0.23683090165868614,0.3540612206914007,1,-0.007050150590609806
0.7,0.8,1.019803902718557,0.7-1.0-1.4,0.01,126,0.842422169146232,0.6305020744187241,0.43288972561868233,0.29999999999999993,0.6930171409618061,1,-0.019747646047613476
0.7,0.8,1.019803902718557,0.7-1.4-2.6,0.0001,26,0.9756987544476152,0.8604025120873157,0.5897994099181589,0.0010612732674871728,0.0017993800089329286,1,-9.02181821441512e-05
0.7,0.8,1.019803902718557,0.7-1.4-2.6,0.001,113,0.9753726072814966,0.7350105947602215,0.6017398342292903,0.01094089035723278,0.018182094212270152,1,-0.0016821230728628405
0.7,0.8,1.019803902718557,0.7-1.4-2.6,0.005,99,0.9867925583161317,0.8417794565695117,0.702388469470787,0.06236583316122046,0.08879108338468292,1,-0.004942644285207895
0.7,0.8,1.019803902718557,0.7-1.4-2.6,0.01,10,0.9395248956066795,0.7299490722516302,0.6215480906002219,0.11119741403417738,0.17890395886631283,1,-0.016641095276724784
0.7,0.8,1.019803902718557,0.7-1.9-2.6,0.0001,80,0.8798171551448031,0.7949641510358518,0.684392805725229,0.0018407359297269998,0.0026895898295956388,1,-0.00010829289186716173
0.7,0.8,1.019803902718557,0.7-1.9-2.6,0.001,120,0.9121650446265174,0.866312306131581,0.676980879834005,0.018192340840505583,0.026872754286600124,1,-0.0006996432836916108
0.7,0.8,1.019803902718557,0.7-1.9-2.6,0.005,19,0.9857954017211711,0.8085770894084819,0.6804967087646209,0.09587910637856101,0.140895767964287,1,-0.00430532563474411
0.7,0.8,1.019803902718557,0.7-1.9-2.6,0.01,17,0.9148867140542066,0.8364453523820213,0.7253580044316388,0.19362167646286244,0.26693257023416533,1,-0.007989677369699327
0.7,0.8,1.019803902718557,1.0-1.4-1.9,0.0001,109,0.8978948788180091,0.7249794797975871,0.6106527953082868,0.004635015081657867,0.007590262612845143,1,-0.00017835231330808835
0.7,0.8,1.019803902718557,1.0-1.4-1.9,0.001,9,0.9682308225937607,0.685109858022173,0.6186608788255172,0.04803158203758362,0.07763798177891593,1,-0.001970442786155744
0.7,0.8,1.019803902718557,1.0-1.4-1.9,0.005,101,0.9762019832699287,0.8330432283599212,0.7928820379704212,0.29139723999469425,0.36751651070390995,1,-0.0051059296471680435
0.7,0.8,1.019803902718557,1.0-1.4-1.9,0.01,41,0.9702989325584471,0.5941577880831739,0.4084462928352573,0.29999999999999993,0.7344906913404204,1,-0.024639631725022856
0.7,0.8,1.252996408614167,0.7-1.0-1.4,0.0001,30,0.9695419799369787,0.7372586835810665,0.6646377578628894,0.004772421349935163,0.007180484848288869,1,-0.00012375754216712793
0.7,0.8,1.252996408614167,0.7-1.0-1.4,0.001,56,0.901225464185178,0.7267445718461738,0.6598836046968335,0.0471197749824569,0.07140619140568716,1,-0.0012811463284978244
0.7,0.8,1.252996408614167,0.7-1.0-1.4,0.005,21,0.9072647504532618,0.8591783977861713,0.7643199550494337,0.26658507406591536,0.34878727462855985,1,-0.003040104110108934
0.7,0.8,1.252996408614167,0.7-1.0-1.4,0.01,58,0.8376578947048373,0.6226030355445094,0.43145683120027783,0.29999999999999993,0.6953186931017509,1,-0.01643893733997258
0.7,0.8,1.252996408614167,0.7-1.4-2.6,0.0001,93,0.9416436326324896,0.7288633789698136,0.5764444963222415,0.0010371688802478518,0.0017992519433615308,1,-0.00014303025548636735
0.7,0.8,1.252996408614167,0.7-1.4-2.6,0.001,96,0.9602258001306472,0.8382484344207,0.6800822292621331,0.012376109019714865,0.01819795972781488,1,-0.0008164478155995936
0.7,0.8,1.252996408614167,0.7-1.4-2.6,0.005,88,0.9960901387279815,0.7884667077312425,0.6200617575261522,0.05529404766916701,0.08917506522216843,1,-0.005406820301199409
0.7,0.8,1.252996408614167,0.7-1.4-2.6,0.01,49,0.99434604346528,0.8192888762457367,0.6770624779412354,0.11972191530394438,0.17682550607144332,1,-0.008849429671337818
0.7,0.8,1.252996408614167,0.7-1.9-2.6,0.0001,44,0.9776799807553891,0.9034988498889054,0.7245034141911174,0.001948503511448374,0.002689433166610829,1,-4.145359585166857e-05
0.7,0.8,1.252996408614167,0.7-1.9-2.6,0.001,121,0.9084267670726661,0.831273312712711,0.7116035156740301,0.019114500442628857,0.02686116639618288,1,-0.0007206367313902077
0.7,0.8,1.252996408614167,0.7-1.9-2.6,0.005,125,0.9801893927305995,0.8304365350646122,0.7314371240410533,0.0982351773287522,0.13430433608021045,1,-0.003521827215073263
0.7,0.8,1.252996408614167,0.7-1.9-2.6,0.01,103,0.973469457823729,0.8817243772011396,0.7828975209181083,0.20906092012519362,0.26703484752388373,1,-0.004602833297349965
0.7,0.8,1.252996408614167,1.0-1.4-1.9,0.0001,78,0.8813152589960864,0.8049881934855239,0.7178295632094973,0.005449195187793632,0.007591210319382309,1,-0.00010259840666685207
0.7,0.8,1.252996408614167,1.0-1.4-1.9,0.001,31,0.9759188330119202,0.7351568648314684,0.6685689190321119,0.05043561433321886,0.0754381678499721,1,-0.0013906577976756746
0.7,0.8,1.252996408614167,1.0-1.4-1.9,0.005,45,0.7979808110501009,0.6522739260220467,0.6106291521830182,0.22810332969584124,0.37355460164383697,1,-0.008849569358544768
0.7,0.8,1.252996408614167,1.0-1.4-1.9,0.01,112,0.8826889863466505,0.8496597240269774,0.4103428364626909,0.29999999999999993,0.7310959844848577,1,-0.006295264940076879
0.7,1.5,1.019803902718557,0.7-1.0-1.4,0.0001,40,0.9592462906388776,0.7208606373186754,0.5848629930713514,0.006108879266139233,0.010444974871908113,1,-0.00023655292851370538
0.7,1.5,1.019803902718557,0.7-1.0-1.4,0.001,101,0.9389601657500041,0.7317024583667531,0.6132591601604236,0.06672263105010634,0.10880005613393895,1,-0.0020923232494081496
0.7,1.5,1.019803902718557,0.7-1.0-1.4,0.005,37,0.9869387360497875,0.6912295347270018,0.5891803719755442,0.29999999999999993,0.5091819318319932,1,-0.01210939912297809
0.7,1.5,1.019803902718557,0.7-1.0-1.4,0.01,30,0.9228367256322432,0.7022880163595051,0.3019054529252245,0.29999999999999993,0.9936885773119952,1,-0.022000709035963933
0.7,1.5,1.019803902718557,0.7-1.4-2.6,0.0001,85,0.947922578368681,0.8146633419562335,0.6539986214642559,0.0016669671005727915,0.002548884731347861,1,-0.000169462690663698
0.7,1.5,1.019803902718557,0.7-1.4-2.6,0.001,115,0.9991618714277418,0.8859688859873003,0.7319154522664167,0.018553202851763095,0.02534883338548472,1,-0.001035980581428191
0.7,1.5,1.019803902718557,0.7-1.4-2.6,0.005,12,0.9866140489343068,0.7376708045641127,0.5792753322054717,0.08082733011747201,0.13953180055111025,1,-0.009806877790645548
0.7,1.5,1.019803902718557,0.7-1.4-2.6,0.01,75,0.9680196982224851,0.7911482220321201,0.5301295319517898,0.13322578209254043,0.2513079805270234,1,-0.01661996378390103
0.7,1.5,1.019803902718557,0.7-1.9-2.6,0.0001,115,0.9823690560489923,0.8278076322739542,0.7025330813199265,0.002474510896536275,0.0035222695732521777,1,-0.0001184746541108534
0.7,1.5,1.019803902718557,0.7-1.9-2.6,0.001,63,0.9709879082379712,0.8134808382495402,0.6739033986063772,0.023707249428843946,0.03517900262540626,1,-0.00127883042501142
0.7,1.5,1.019803902718557,0.7-1.9-2.6,0.005,127,0.874029940747151,0.8037450050703521,0.690930317045031,0.12044726811400319,0.17432621661346653,1,-0.006523819525852969
0.7,1.5,1.019803902718557,0.7-1.9-2.6,0.01,76,0.948715239785626,0.8122684728346105,0.6368758283418553,0.22212127392995157,0.34876700299375113,1,-0.011631394785122783
0.7,1.5,1.019803902718557,1.0-1.4-1.9,0.0001,112,0.8600350673911648,0.6806459101118177,0.6195611206682651,0.00647149190936025,0.010445284078478055,1,-0.00028685879587953477
0.7,1.5,1.019803902718557,1.0-1.4-1.9,0.001,71,0.8905886761872754,0.7582846050977265,0.6973370859091035,0.07237208370534054,0.10378350035835338,1,-0.002144431428567903
0.7,1.5,1.019803902718557,1.0-1.4-1.9,0.005,112,0.9443285271801701,0.7845040290582208,0.5986399036685935,0.29999999999999993,0.5011359886996101,1,-0.008942019237317099
0.7,1.5,1.019803902718557,1.0-1.4-1.9,0.01,94,0.9132188328042979,0.7639993435629697,0.2992642339268397,0.29999999999999993,1.0024585833846757,1,-0.017482621101270523
0.7,1.5,1.252996408614167,0.7-1.0-1.4,0.0001,66,0.9945492280257597,0.7426510330050856,0.6646289942391519,0.006974042042383832,0.010493135422669176,1,-0.0001762746843140833
0.7,1.5,1.252996408614167,0.7-1.0-1.4,0.001,46,0.9184586289255239,0.6658377222979254,0.6022153963996757,0.06283778701126697,0.10434437144407224,1,-0.0022792627512669824
0.7,1.5,1.252996408614167,0.7-1.0-1.4,0.005,64,0.9281062237931206,0.8228533837815942,0.6018293536004017,0.29999999999999993,0.4984801725028383,1,-0.005521778165923526
0.7,1.5,1.252996408614167,0.7-1.0-1.4,0.01,45,0.9826717867062871,0.754369375712787,0.3012957533391233,0.29999999999999993,0.9956993972707444,1,-0.014060261847361179
0.7,1.5,1.252996408614167,0.7-1.4-2.6,0.0001,5,0.9938319443384636,0.7753633810612319,0.6377489432429168,0.0016221548064094815,0.0025435632996284045,1,-0.0001679770082034216
0.7,1.5,1.252996408614167,0.7-1.4-2.6,0.001,28,0.9781882543788816,0.789531685521315,0.6437695710681468,0.016695928939225446,0.02593463513897286,1,-0.0014990149698490126
0.7,1.5,1.252996408614167,0.7-1.4-2.6,0.005,121,0.9886650454994176,0.7832414499487823,0.6280146939021818,0.08775774942623671,0.13973836962468536,1,-0.006070502819421682
0.7,1.5,1.252996408614167,0.7-1.4-2.6,0.01,41,0.9673491087046596,0.7773202480799976,0.5643003232631967,0.14381917363552932,0.25486282340556143,1,-0.014831300797251645
0.7,1.5,1.252996408614167,0.7-1.9-2.6,0.0001,21,0.8773574196233629,0.83458271914516,0.7124086944654575,0.00250559549931495,0.0035170759688650014,1,-9.297090245686694e-05
0.7,1.5,1.252996408614167,0.7-1.9-2.6,0.001,60,0.9645289708537567,0.8176138570424862,0.7018673631739476,0.024638933390815798,0.0351048284670125,1,-0.0010177236646811243
0.7,1.5,1.252996408614167,0.7-1.9-2.6,0.005,72,0.9890063539922204,0.9258133123239674,0.7933432179518483,0.13767849693649592,0.17354216160306582,1,-0.0019053785518054651
0.7,1.5,1.252996408614167,0.7-1.9-2.6,0.01,18,0.8806523537039688,0.7570585508047554,0.6076205263266168,0.2143608114889502,0.3527873108317673,1,-0.012615922437456767
0.7,1.5,1.252996408614167,1.0-1.4-1.9,0.0001,92,0.9935332856628145,0.7081727454964915,0.5995501553253851,0.006287407269519596,0.01048687455698735,1,-0.0002122771438820602
0.7,1.5,1.252996408614167,1.0-1.4-1.9,0.001,92,0.9418730294032948,0.7272045283719449,0.6476113557521885,0.06744813813984352,0.10414909735716996,1,-0.0019689046914560734
0.7,1.5,1.252996408614167,1.0-1.4-1.9,0.005,124,0.9640099751896942,0.6894634039019313,0.5503350797990144,0.2875022334139429,0.5224130606374218,1,-0.010461160115884344
0.7,1.5,1.252996408614167,1.0-1.4-1.9,0.01,124,0.9582487294134684,0.5925705580808809,0.29709121454960014,0.29999999999999993,1.0097908834322469,1,-0.026861993733051474
0.9,0.3,1.019803902718557,0.7-1.0-1.4,0.0001,103,0.9187615905615231,0.7875590157875423,0.6626038478503671,0.00253806569380699,0.00383044212924666,1,-8.17765753860913e-05
0.9,0.3,1.019803902718557,0.7-1.0-1.4,0.001,50,0.9519737899302764,0.7008496588854013,0.5774495005032595,0.02234745262285298,0.038700271804507066,1,-0.0011312602313651022
0.9,0.3,1.019803902718557,0.7-1.0-1.4,0.005,15,0.9307698339737119,0.7681532251443379,0.5454993905457685,0.10416954483898766,0.19096179875612093,1,-0.0042928026651209965
0.9,0.3,1.019803902718557,0.7-1.0-1.4,0.01,6,0.9533139050086623,0.7874666506461809,0.6530127728571353,0.2481824941491142,0.3800576412360789,1,-0.0076071297546658305
0.9,0.3,1.019803902718557,0.7-1.4-2.6,0.0001,11,0.9618084604123772,0.896688554365023,0.5562832855903861,0.0005942246252742533,0.0010682050686523863,1,-5.1290295135769074e-05
0.9,0.3,1.019803902718557,0.7-1.4-2.6,0.001,32,0.9842342123701369,0.822408973626431,0.5935986819072053,0.006333481709453026,0.01066963573622475,1,-0.0008814173119685619
0.9,0.3,1.019803902718557,0.7-1.4-2.6,0.005,21,0.8968213177223923,0.6579329044577291,0.4757764513772168,0.025438067550794807,0.053466428355501715,1,-0.008433670581269887
0.9,0.3,1.019803902718557,0.7-1.4-2.6,0.01,15,0.9578259011744966,0.8107319883868521,0.5619725824496689,0.0634774358998128,0.11295468476969328,1,-0.007662144617067143
0.9,0.3,1.019803902718557,0.7-1.9-2.6,0.0001,70,0.9640779343406499,0.8356257743334226,0.6422549507522213,0.001141727839058082,0.0017776863186821194,1,-7.691570000021702e-05
0.9,0.3,1.019803902718557,0.7-1.9-2.6,0.001,123,0.9197711147792895,0.8008909005667367,0.6087740661664096,0.010821851673063265,0.01777646630253315,1,-0.0009278996289917392
0.9,0.3,1.019803902718557,0.7-1.9-2.6,0.005,41,0.9522059579126706,0.831371812732524,0.6423848551203412,0.058575426350762294,0.09118432024644957,1,-0.0035554475975790485
0.9,0.3,1.019803902718557,0.7-1.9-2.6,0.01,91,0.9709456236689502,0.7254585927709619,0.5753934279892436,0.10214287033377356,0.1775183124540015,1,-0.012430054212065729
0.9,0.3,1.019803902718557,1.0-1.4-1.9,0.0001,119,0.9570558101884568,0.8856288727721683,0.7179241216630692,0.003114900864784609,0.004338760560891797,1,-5.6812992194835404e-05
0.9,0.3,1.019803902718557,1.0-1.4-1.9,0.001,97,0.9006822177069989,0.8377520777025409,0.6412846276913682,0.027784155398512977,0.04332577797558667,1,-0.0007985292053424931
0.9,0.3,1.019803902718557,1.0-1.4-1.9,0.005,93,0.965117009512243,0.6480671305889519,0.5632114075120763,0.12142788541677874,0.21559912281104693,1,-0.008542216640079887
0.9,0.3,1.019803902718557,1.0-1.4-1.9,0.01,28,0.9422501178645933,0.8522652705619065,0.5523665227488798,0.2393369020253885,0.43329364139288595,1,-0.006189555875802354
0.9,0.3,1.252996408614167,0.7-1.0-1.4,0.0001,29,0.9676496307269767,0.754443556420923,0.6296736389873299,0.0024084572517496516,0.0038249294596849302,1,-7.715987461171116e-05
0.9,0.3,1.252996408614167,0.7-1.0-1.4,0.001,106,0.9433676940396202,0.7544295043397318,0.6022170763976273,0.023333991378240326,0.03874681122930087,1,-0.0007500883654514624
0.9,0.3,1.252996408614167,0.7-1.0-1.4,0.005,42,0.9647263998272843,0.799875308155266,0.6685485510501399,0.12651288643946856,0.1892351516441778,1,-0.0030322427931528066
0.9,0.3,1.252996408614167,0.7-1.0-1.4,0.01,19,0.9419491953950853,0.6920382234474975,0.6044713156282644,0.23033943917434951,0.3810593376708761,1,-0.009230173805992628
0.9,0.3,1.252996408614167,0.7-1.4-2.6,0.0001,2,0.9540743301727224,0.7908934496723101,0.5474100333131912,0.0005847494919178908,0.0010682111330307614,1,-8.466376915210514e-05
0.9,0.3,1.252996408614167,0.7-1.4-2.6,0.001,81,0.9089621995994668,0.8630102251106401,0.6283110537751058,0.006701065977995246,0.0106652046589551,1,-0.0005527189294394085
0.9,0.3,1.252996408614167,0.7-1.4-2.6,0.005,44,0.8364410674283356,0.767828670782096,0.5451225642485447,0.02905670961890816,0.05330307627049532,1,-0.004627427486200491
0.9,0.3,1.252996408614167,0.7-1.4-2.6,0.01,32,0.9601213698629371,0.7755581985796756,0.5477035964465468,0.061863150185081484,0.1129500528870802,1,-0.007749360932911842
0.9,0.3,1.252996408614167,0.7-1.9-2.6,0.0001,68,0.9636060016470869,0.8616363689953975,0.6437125458408045,0.001144911418123451,0.0017786066552858474,1,-5.259142478324715e-05
0.9,0.3,1.252996408614167,0.7-1.9-2.6,0.001,27,0.9871773178095694,0.8065918889240506,0.6330628714577269,0.01125252290839851,0.017774732045946408,1,-0.0007339452690885975
0.9,0.3,1.252996408614167,0.7-1.9-2.6,0.005,46,0.9500629876475288,0.8735211759360731,0.683733153146679,0.060625180980059645,0.08866789726525653,1,-0.0023299344721142874
0.9,0.3,1.252996408614167,0.7-1.9-2.6,0.01,121,0.9614236181127865,0.8820484985556087,0.6218719921348717,0.1103740998998547,0.1774868482514272,1,-0.004112922423510135
0.9,0.3,1.252996408614167,1.0-1.4-1.9,0.0001,83,0.9697789821867583,0.8550499370695777,0.7277575324394913,0.003157649501918103,0.0043388757397446005,1,-5.862223882691412e-05
0.9,0.3,1.252996408614167,1.0-1.4-1.9,0.001,113,0.8603298001198249,0.7277696864212938,0.594754317173132,0.025800683432316673,0.04338040546716391,1,-0.001095338416020505
0.9,0.3,1.252996408614167,1.0-1.4-1.9,0.005,52,0.9877125520538752,0.8482675648340069,0.6573260089248179,0.14124266464514235,0.2148746021417465,1,-0.002905438507198127
0.9,0.3,1.252996408614167,1.0-1.4-1.9,0.01,27,0.9458621308639217,0.6487988359400104,0.5753924582709162,0.24932737824710782,0.433317077176071,1,-0.01359551949483603
0.9,0.8,1.019803902718557,0.7-1.0-1.4,0.0001,46,0.979816859318767,0.7536320734849126,0.592238491378231,0.0030427953348409753,0.005137787190697311,1,-0.00012771996585341264
0.9,0.8,1.019803902718557,0.7-1.0-1.4,0.001,78,0.9593224718741987,0.8322457164443264,0.663212181420603,0.033974420675713435,0.05122707577979056,1,-0.0008605827207731906
0.9,0.8,1.019803902718557,0.7-1.0-1.4,0.005,48,0.9663822153801763,0.7958624883699802,0.5346395217363676,0.13595967697056033,0.2543015834837636,1,-0.004935090660921182
0.9,0.8,1.019803902718557,0.7-1.0-1.4,0.01,88,0.9897423884011063,0.693002302503412,0.5596999997974048,0.2904974232369567,0.5190234471004259,1,-0.014718239189694983
0.9,0.8,1.019803902718557,0.7-1.4-2.6,0.0001,45,0.98290040132913,0.8606393124604154,0.542827342194787,0.0007124423531876811,0.0013124658575728667,1,-8.530313160162023e-05
0.9,0.8,1.019803902718557,0.7-1.4-2.6,0.001,46,0.9589399359631038,0.7335265566803684,0.5340828883955506,0.007003802833560391,0.013113700112356451,1,-0.0016259277929350007
0.9,0.8,1.019803902718557,0.7-1.4-2.6,0.005,62,0.9777088751968736,0.8607281561912544,0.584166385432831,0.03812135528796723,0.06525770095402131,1,-0.004108421837270761
0.9,0.8,1.019803902718557,0.7-1.4-2.6,0.01,88,0.9939198345683907,0.7331796720911771,0.5279455618068899,0.0689142092434849,0.1305327939638824,1,-0.01572179651807587
0.9,0.8,1.019803902718557,0.7-1.9-2.6,0.0001,45,0.9411370022543645,0.8555367405645733,0.6701692500848015,0.0013545104937295882,0.0020211468872351154,1,-7.662777678732854e-05
0.9,0.8,1.019803902718557,0.7-1.9-2.6,0.001,8,0.8912062806932491,0.8067964890781023,0.6300720539745642,0.01280873926280035,0.02032900710641173,1,-0.0010076932958297709
0.9,0.8,1.019803902718557,0.7-1.9-2.6,0.005,82,0.989006265189697,0.8299548661727572,0.6074185824125811,0.06341995184702665,0.10440897543030628,1,-0.003999738222191605
0.9,0.8,1.019803902718557,0.7-1.9-2.6,0.01,102,0.9987292104724342,0.8824553394216651,0.7139993143342833,0.14261893117527513,0.1997465940261438,1,-0.005769927057009426
0.9,0.8,1.019803902718557,1.0-1.4-1.9,0.0001,73,0.9171060795318915,0.8242796912319086,0.7031253897508677,0.003719354477289216,0.00528974565775112,1,-0.00010645371418144191
0.9,0.8,1.019803902718557,1.0-1.4-1.9,0.001,58,0.9671899663248837,0.8156372050060758,0.6897561456241244,0.03640824337198889,0.052784224690082274,1,-0.0011077093393904221
0.9,0.8,1.019803902718557,1.0-1.4-1.9,0.005,53,0.8801843575200469,0.6749082851448733,0.5131479769785323,0.13528038502263406,0.26362840952658295,1,-0.009527212028451311
0.9,0.8,1.019803902718557,1.0-1.4-1.9,0.01,61,0.7726012328274522,0.6582343525531705,0.5804827295519428,0.30311313399233775,0.5221742500871674,1,-0.019424185589386772
0.9,0.8,1.252996408614167,0.7-1.0-1.4,0.0001,79,0.8907967420898819,0.8188701959397482,0.688095259151644,0.0035429685038251835,0.005148950609241701,1,-7.602070773443691e-05
0.9,0.8,1.252996408614167,0.7-1.0-1.4,0.001,83,0.9882610878553374,0.8711599553826191,0.6633563346818088,0.03398468347113537,0.05123141469273336,1,-0.0005355558935074408
0.9,0.8,1.252996408614167,0.7-1.0-1.4,0.005,103,0.9854858217067822,0.9236537167374766,0.8020729175872569,0.2012439461166654,0.250904801426327,1,-0.0014799724092112339
0.9,0.8,1.252996408614167,0.7-1.0-1.4,0.01,80,0.9246968605787149,0.7309429859754625,0.6129239045260594,0.31354904956824603,0.5115627686453124,1,-0.010465551470815439
0.9,0.8,1.252996408614167,0.7-1.4-2.6,0.0001,89,0.9501847264684471,0.8094916250654008,0.5755434796151483,0.0007553951634691192,0.001312490177065742,1,-9.493769192281702e-05
0.9,0.8,1.252996408614167,0.7-1.4-2.6,0.001,41,0.9763523926139928,0.7897206658595143,0.5127099532163675,0.006779280650062058,0.013222447911404504,1,-0.0010281281697117018
0.9,0.8,1.252996408614167,0.7-1.4-2.6,0.005,50,0.8536401894156809,0.7532750450731543,0.5231668267259022,0.034240887213218385,0.06544927060361548,1,-0.006028279552840982
0.9,0.8,1.252996408614167,0.7-1.4-2.6,0.01,96,0.9270841535900605,0.7494570882430274,0.5039670033143491,0.06608992769452005,0.13113939456329146,1,-0.011954205740307824
0.9,0.8,1.252996408614167,0.7-1.9-2.6,0.0001,12,0.9984113660595981,0.9260235588371168,0.7257195862031921,0.0014657373549198383,0.0020197020760983715,1,-3.1991611006057096e-05
0.9,0.8,1.252996408614167,0.7-1.9-2.6,0.001,119,0.9924638443985723,0.8584140087783693,0.6356579163599008,0.012918935958805444,0.02032372385572702,1,-0.0005954109341988847
0.9,0.8,1.252996408614167,0.7-1.9-2.6,0.005,12,0.9791287257367436,0.8228605584217631,0.6496554418780117,0.06555914784912598,0.10091372075574219,1,-0.0037286372112134043
0.9,0.8,1.252996408614167,0.7-1.9-2.6,0.01,101,0.9474598922940395,0.7471947374616944,0.5974938194730226,0.12054268422543835,0.20174716506984883,1,-0.010486321581935874
0.9,0.8,1.252996408614167,1.0-1.4-1.9,0.0001,34,0.9166387029699986,0.7308092968936755,0.6243492749830183,0.0033028143247066932,0.005290010667180684,1,-0.00013275321647755734
0.9,0.8,1.252996408614167,1.0-1.4-1.9,0.001,116,0.9417234930752387,0.8070578171161907,0.6899013547813372,0.03638104705250955,0.05273369417290164,1,-0.0009437077502850218
0.9,0.8,1.252996408614167,1.0-1.4-1.9,0.005,86,0.8716965400197101,0.7587114782741309,0.6658581884079735,0.17350713006435403,0.260576700992743,1,-0.005725414062274149
0.9,0.8,1.252996408614167,1.0-1.4-1.9,0.01,98,0.895480102138501,0.7315732914815802,0.64768367251611,0.337431125259536,0.5209813672601774,1,-0.012321377871229458
0.9,1.5,1.019803902718557,0.7-1.0-1.4,0.0001,40,0.923241464096759,0.8009370651004362,0.6543969882443372,0.00505966414502812,0.007731796196988233,1,-0.00015362448002870796
0.9,1.5,1.019803902718557,0.7-1.0-1.4,0.001,120,0.9528649103737127,0.9172468993527773,0.6710005161398546,0.05337328581354084,0.07954283868600842,1,-0.000484962923737735
0.9,1.5,1.019803902718557,0.7-1.0-1.4,0.005,105,0.9449423962350734,0.7530232271764998,0.5893438796993414,0.22533368459025938,0.38234669494695556,1,-0.008940454075388873
0.9,1.5,1.019803902718557,0.7-1.0-1.4,0.01,59,0.9448940344975886,0.7516254073620909,0.64049533879506,0.4771360636390455,0.7449485339528992,1,-0.016818830594884496
0.9,1.5,1.019803902718557,0.7-1.4-2.6,0.0001,57,0.9851776442900668,0.7209866179908879,0.5235630938543755,0.0009666077632574099,0.0018462106565637025,1,-0.00023963330650797184
0.9,1.5,1.019803902718557,0.7-1.4-2.6,0.001,80,0.9437571656103622,0.8421684373912458,0.558232247651717,0.01042025034698768,0.018666514503276978,1,-0.001297721287115649
0.9,1.5,1.019803902718557,0.7-1.4-2.6,0.005,12,0.96995117201894,0.717265874421947,0.5062778161459679,0.049390508135911726,0.09755613728426067,1,-0.010865256600302554
0.9,1.5,1.019803902718557,0.7-1.4-2.6,0.01,93,0.7886213175576983,0.6758679676195523,0.48722688461905994,0.08907718843761347,0.18282486301481246,1,-0.0266020522412077
0.9,1.5,1.019803902718557,0.7-1.9-2.6,0.0001,101,0.9990527750072971,0.8905113724497112,0.6915366975010869,0.001755025456986914,0.0025378630856884576,1,-7.271891277482658e-05
0.9,1.5,1.019803902718557,0.7-1.9-2.6,0.001,67,0.9955036506575063,0.7907516431137822,0.6130937229194697,0.015660775725336973,0.025543852660507547,1,-0.0013634396805321863
0.9,1.5,1.019803902718557,0.7-1.9-2.6,0.005,96,0.983925423344795,0.827193098232832,0.5929898579396781,0.07843723979603967,0.132274167501898,1,-0.004887041371974467
0.9,1.5,1.019803902718557,0.7-1.9-2.6,0.01,53,0.9652763190251832,0.8770529973684904,0.6737640376852573,0.16904897656058915,0.2509023443004817,1,-0.0074221915983381445
0.9,1.5,1.019803902718557,1.0-1.4-1.9,0.0001,41,0.993090287649505,0.8229081491156418,0.6712344472933832,0.004862438920645085,0.007244024707390813,1,-0.0001468744144310256
0.9,1.5,1.019803902718557,1.0-1.4-1.9,0.001,80,0.9194560585951403,0.7922783772800527,0.6618203595463983,0.04922939144798888,0.07438482473058092,1,-0.0016044439785885892
0.9,1.5,1.019803902718557,1.0-1.4-1.9,0.005,100,0.9223477775876386,0.8429639323193817,0.7289384170415377,0.2576243830286331,0.35342407123255337,1,-0.0060759248437229005
0.9,1.5,1.019803902718557,1.0-1.4-1.9,0.01,15,0.8983272598057015,0.6097333900197666,0.5410106086593306,0.3846729660659549,0.7110266599377906,1,-0.03015968540204822
0.9,1.5,1.252996408614167,0.7-1.0-1.4,0.0001,118,0.9883089725706501,0.7931324558938789,0.6583151671541322,0.005072455307526869,0.007705208022860649,1,-0.000130895344459021
0.9,1.5,1.252996408614167,0.7-1.0-1.4,0.001,38,0.9271032159136581,0.740325274238988,0.5592095392871148,0.0430670356637165,0.07701412911986218,1,-0.001622377712972062
0.9,1.5,1.252996408614167,0.7-1.0-1.4,0.005,64,0.879370747692751,0.6926234718351626,0.5377005873667106,0.2051257629280372,0.3814869608616252,1,-0.009168947585117083
0.9,1.5,1.252996408614167,0.7-1.0-1.4,0.01,60,0.8930967690198578,0.7275492941464079,0.6283132638028829,0.4666185012349162,0.7426526354237617,1,-0.015197577105918382
0.9,1.5,1.252996408614167,0.7-1.4-2.6,0.0001,5,0.9682768651568301,0.8452535949755831,0.6091681718278882,0.0011232295923947477,0.001843874391901257,1,-0.00010831836105829561
0.9,1.5,1.252996408614167,0.7-1.4-2.6,0.001,83,0.9575820023824853,0.657893414343076,0.45912648659621935,0.008460626716532693,0.018427659835650968,1,-0.002385105112173277
0.9,1.5,1.252996408614167,0.7-1.4-2.6,0.005,0,0.8785212009956302,0.824330461575387,0.5394737229082757,0.049393649539069995,0.09155895355345821,1,-0.005877606592979399
0.9,1.5,1.252996408614167,0.7-1.4-2.6,0.01,33,0.8524402909317681,0.7352643107629795,0.48152186869809366,0.09999999999999998,0.20767488768552347,1,-0.013838383372673693
0.9,1.5,1.252996408614167,0.7-1.9-2.6,0.0001,8,0.934115572495401,0.7870856823381222,0.6132741122010421,0.0015561733449430681,0.0025374841591763245,1,-0.00011543935837071337
0.9,1.5,1.252996408614167,0.7-1.9-2.6,0.001,45,0.8769268319141922,0.8505611950572348,0.6547857710863176,0.016582737624048494,0.02532543979466295,1,-0.0008061947944249899
0.9,1.5,1.252996408614167,0.7-1.9-2.6,0.005,96,0.9895195507450664,0.904001035921201,0.6930354807743165,0.0921160178404532,0.13291674148852173,1,-0.001761145633403724
0.9,1.5,1.252996408614167,0.7-1.9-2.6,0.01,98,0.9577927334565726,0.7648939394670374,0.6131978707086171,0.1556309455076189,0.2538021623065494,1,-0.01216672329322134
0.9,1.5,1.252996408614167,1.0-1.4-1.9,0.0001,24,0.8482631897923896,0.6778624410277587,0.5494517107165879,0.003991361086263967,0.007264261823952617,1,-0.0002169879622585758
0.9,1.5,1.252996408614167,1.0-1.4-1.9,0.001,33,0.9954210448656683,0.8627064123696416,0.7401526558219423,0.05333421778777836,0.0720584022339966,1,-0.0009155873364002382
0.9,1.5,1.252996408614167,1.0-1.4-1.9,0.005,26,0.8400251468753561,0.7151218157144429,0.6329097129127597,0.22555696062245256,0.3563809434751768,1,-0.009207925629127301
0.9,1.5,1.252996408614167,1.0-1.4-1.9,0.01,80,0.8819726983091991,0.5667149134456214,0.5127060262013421,0.36894511551690823,0.7196036259812201,1,-0.02740914935836749
0.97,0.3,1.019803902718557,0.7-1.0-1.4,0.0001,104,0.8525979673045955,0.7058118581702293,0.579655718029583,0.0020114277113134627,0.0034700385914433578,1,-0.00010974967022997061
0.97,0.3,1.019803902718557,0.7-1.0-1.4,0.001,37,0.9757210310324927,0.7487036328078343,0.6069648312845768,0.021304674110870003,0.03510034356649778,1,-0.0009147619323760675
0.97,0.3,1.019803902718557,0.7-1.0-1.4,0.005,34,0.9219219282368313,0.7320628455558436,0.6104134779272034,0.10564800807353114,0.17307613919712714,1,-0.0048718544110145385
0.97,0.3,1.019803902718557,0.7-1.0-1.4,0.01,40,0.9039455374393088,0.793746491115384,0.6400380137602798,0.21897266434200002,0.342124467038319,1,-0.007183275158740048
0.97,0.3,1.019803902718557,0.7-1.4-2.6,0.0001,62,0.9819395999554149,0.8080745981502128,0.5548543603599301,0.0005514838407361111,0.000993925397609505,1,-9.610105106830163e-05
0.97,0.3,1.019803902718557,0.7-1.4-2.6,0.001,77,0.9842487502957457,0.8312679666785003,0.5765513099651444,0.005760646080698373,0.009991558394077078,1,-0.0008291452920222448
0.97,0.3,1.019803902718557,0.7-1.4-2.6,0.005,101,0.9618520166878868,0.7691231682641545,0.5214656084327537,0.025893806567473643,0.04965582801384842,1,-0.005697329046518738
0.97,0.3,1.019803902718557,0.7-1.4-2.6,0.01,33,0.9569552691814367,0.8197713030530945,0.5786336532631176,0.05723852640814597,0.09892014763634625,1,-0.008701980642539749
0.97,0.3,1.019803902718557,0.7-1.9-2.6,0.0001,64,0.9288267642983683,0.8968486856174336,0.6511766605173132,0.0010902726077619551,0.0016743115560926458,1,-4.959411995359136e-05
0.97,0.3,1.019803902718557,0.7-1.9-2.6,0.001,121,0.8709242622245621,0.7645801587692919,0.5809937426975187,0.00972323367452188,0.01673552219233463,1,-0.0011316547329629331
0.97,0.3,1.019803902718557,0.7-1.9-2.6,0.005,43,0.945422416815242,0.8630372512639904,0.6618833508066079,0.05527447599426527,0.08351090252822453,1,-0.0032084577582532393
0.97,0.3,1.019803902718557,0.7-1.9-2.6,0.01,18,0.9761499473412724,0.8286582447424857,0.6261108378457937,0.10439152612081681,0.16673010561514612,1,-0.007846898217744334
0.97,0.3,1.019803902718557,1.0-1.4-1.9,0.0001,6,0.8975148288168279,0.7462012688077782,0.6088153621686442,0.002406979580264146,0.003953546066397391,1,-0.0001254214411594993
0.97,0.3,1.019803902718557,1.0-1.4-1.9,0.001,88,0.9981446976078951,0.8583992382220871,0.6219531933901742,0.024881152745619972,0.0400048637261536,1,-0.0006639026336097706
0.97,0.3,1.019803902718557,1.0-1.4-1.9,0.005,34,0.9484651781441212,0.6655109995301172,0.5647025120103939,0.11140156810608448,0.19727478758591752,1,-0.008074954280064058
0.97,0.3,1.019803902718557,1.0-1.4-1.9,0.01,23,0.9327792206076253,0.7122410450511676,0.59122645101196,0.23164750195912365,0.39180842055126114,1,-0.013502313151523837
0.97,0.3,1.252996408614167,0.7-1.0-1.4,0.0001,44,0.9071361001036985,0.8133759296889603,0.6057070499626923,0.002101734942625555,0.0034698868747771853,1,-5.6645493165417e-05
0.97,0.3,1.252996408614167,0.7-1.0-1.4,0.001,20,0.9403427558917662,0.8392648638023076,0.6766594571416379,0.023756970791582788,0.03510919789983811,1,-0.0004664610533484711
0.97,0.3,1.252996408614167,0.7-1.0-1.4,0.005,106,0.989600521683509,0.7933187892362438,0.5540947985057378,0.09570402587989513,0.17272139377230425,1,-0.003002056435320314
0.97,0.3,1.252996408614167,0.7-1.0-1.4,0.01,57,0.8899898354571294,0.6469441946645192,0.5042798563048186,0.1754014064837246,0.34782552642297276,1,-0.010278797914964749
0.97,0.3,1.252996408614167,0.7-1.4-2.6,0.0001,0,0.9854342661180502,0.8137300029045816,0.5614212119236089,0.0005583037244651923,0.0009944471505667996,1,-7.581267036446237e-05
0.97,0.3,1.252996408614167,0.7-1.4-2.6,0.001,79,0.979053642696866,0.8720439231765561,0.6051785589608549,0.006011458679877402,0.009933363617838026,1,-0.0005191444390078019
0.97,0.3,1.252996408614167,0.7-1.4-2.6,0.005,86,0.9807285660150461,0.8896733393558917,0.5778899208031023,0.02863045349233273,0.049543091965585005,1,-0.002178034255673634
0.97,0.3,1.252996408614167,0.7-1.4-2.6,0.01,88,0.9430263076754775,0.8593568070536827,0.5684370913418554,0.05619806863757715,0.09886418302668412,1,-0.005440682352431232
0.97,0.3,1.252996408614167,0.7-1.9-2.6,0.0001,120,0.9779421855348838,0.9559087660013478,0.6335964560727786,0.0010602756073421205,0.0016734241443110772,1,-1.7273487327572226e-05
0.97,0.3,1.252996408614167,0.7-1.9-2.6,0.001,10,0.9753198743454692,0.835856389695858,0.6301245969812633,0.010595631811411432,0.016815137612738663,1,-0.000632449247930128
0.97,0.3,1.252996408614167,0.7-1.9-2.6,0.005,116,0.8538231840105255,0.7176354975181017,0.5116936022357684,0.042870924320159154,0.0837824122342767,1,-0.0054672404463439305
0.97,0.3,1.252996408614167,0.7-1.9-2.6,0.01,11,0.9580638313790792,0.772384368437121,0.5931500802511073,0.09915458252246034,0.1671660947605094,1,-0.008597596153066787
0.97,0.3,1.252996408614167,1.0-1.4-1.9,0.0001,61,0.9868839035856355,0.8066148274277937,0.6275347841355216,0.002480791427224016,0.0039532333345337995,1,-7.776423121528652e-05
0.97,0.3,1.252996408614167,1.0-1.4-1.9,0.001,40,0.9330816816281241,0.7301983235679439,0.6113152152950379,0.024137556166642704,0.03948463176234415,1,-0.0010802978959183686
0.97,0.3,1.252996408614167,1.0-1.4-1.9,0.005,67,0.896977645368714,0.6130563688847588,0.5205786772260137,0.10279478059193947,0.19746252600989694,1,-0.0076441062242774225
0.97,0.3,1.252996408614167,1.0-1.4-1.9,0.01,68,0.9819323316660218,0.7925019106618969,0.6856475626406602,0.2686668925315826,0.391844013120758,1,-0.00782743143803289
0.97,0.8,1.019803902718557,0.7-1.0-1.4,0.0001,95,0.9867642343561195,0.7545904222384067,0.5916464689261959,0.0027158535006673867,0.004590331630976356,1,-0.00012107076457145251
0.97,0.8,1.019803902718557,0.7-1.0-1.4,0.001,41,0.952509232208406,0.8227857352497189,0.6504039144904136,0.0297656489708239,0.045764867504134034,1,-0.0008666676986827278
0.97,0.8,1.019803902718557,0.7-1.0-1.4,0.005,18,0.9223268219720647,0.654035676942093,0.5158395907977946,0.11823468913127733,0.2292082485340379,1,-0.008304956270562366
0.97,0.8,1.019803902718557,0.7-1.0-1.4,0.01,104,0.8320054212406844,0.718698343797483,0.6090245833953117,0.27669556390312233,0.45432577181128664,1,-0.012994375261936322
0.97,0.8,1.019803902718557,0.7-1.4-2.6,0.0001,62,0.9288968572831193,0.804083512698941,0.5531844876243522,0.0006559011297847528,0.001185682434085447,1,-0.00011702219288449255
0.97,0.8,1.019803902718557,0.7-1.4-2.6,0.001,34,0.9902737353544971,0.9175603336156977,0.6308909196055555,0.007535019544575361,0.011943458544761417,1,-0.00046512745922676173
0.97,0.8,1.019803902718557,0.7-1.4-2.6,0.005,96,0.9815039090098988,0.7305993929246488,0.5104749614514752,0.03017435121966594,0.05911034526329899,1,-0.007912285447741804
0.97,0.8,1.019803902718557,0.7-1.4-2.6,0.01,100,0.9789435896067934,0.7800436184136974,0.5331449946669256,0.06298027430013464,0.11812973005491804,1,-0.012684021538815017
0.97,0.8,1.019803902718557,0.7-1.9-2.6,0.0001,23,0.9347296180734096,0.7408832230775255,0.5596342212858743,0.0010342961527565198,0.0018481645929014356,1,-0.00013798553799997625
0.97,0.8,1.019803902718557,0.7-1.9-2.6,0.001,2,0.846024705833248,0.7787210186106837,0.5886954729082737,0.010940109461698877,0.018583648023743994,1,-0.0011616521142496792
0.97,0.8,1.019803902718557,0.7-1.9-2.6,0.005,15,0.9158379137176748,0.6863741446830005,0.5176512637626077,0.04800926249692561,0.09274441280789071,1,-0.008250838157406688
0.97,0.8,1.019803902718557,0.7-1.9-2.6,0.01,99,0.9801961287264275,0.6832328992029164,0.5272970270721667,0.0973573686165039,0.18463477626089367,1,-0.01630762960750446
0.97,0.8,1.019803902718557,1.0-1.4-1.9,0.0001,20,0.9483129577611553,0.7337598884557841,0.6135142852003828,0.002878820991391029,0.004692345493554015,1,-0.00015613910565983024
0.97,0.8,1.019803902718557,1.0-1.4-1.9,0.001,4,0.9832681871147037,0.769151761570485,0.6296274479490421,0.030000000000000027,0.04764722392221381,1,-0.0013052831023179362
0.97,0.8,1.019803902718557,1.0-1.4-1.9,0.005,43,0.9641307099074548,0.6435227417573516,0.5314191589281472,0.12405032147682538,0.23343215876339551,1,-0.010176065150017035
0.97,0.8,1.019803902718557,1.0-1.4-1.9,0.01,99,0.7769565259399497,0.5349715392898681,0.4615029791977885,0.21681906732803335,0.4698107641795097,1,-0.02615614842550166
0.97,0.8,1.252996408614167,0.7-1.0-1.4,0.0001,107,0.9246183122276109,0.678842312000545,0.5583157462021541,0.0025626034097694372,0.004589882028585262,1,-0.00012897376728654886
0.97,0.8,1.252996408614167,0.7-1.0-1.4,0.001,84,0.9276970246439558,0.7232250044609643,0.5921755685494429,0.027645707265928854,0.046684984545458524,1,-0.0010786377607009162
0.97,0.8,1.252996408614167,0.7-1.0-1.4,0.005,54,0.8206339285267871,0.7504991000013196,0.6147734660690499,0.13990593226710202,0.2275731468400559,1,-0.004826935989070597
0.97,0.8,1.252996408614167,0.7-1.0-1.4,0.01,8,0.9264511510026516,0.7670985715389761,0.6595899347684778,0.29598707696051885,0.44874407773431696,1,-0.00865306125498802
0.97,0.8,1.252996408614167,0.7-1.4-2.6,0.0001,36,0.9992442869568655,0.7901234711122183,0.5461524824555491,0.0006475764280549079,0.0011857062795784573,1,-0.00010203655121468572
0.97,0.8,1.252996408614167,0.7-1.4-2.6,0.001,70,0.9585230965221837,0.735285560594267,0.5117419600028434,0.006065437786237471,0.011852531666943568,1,-0.0012830597466779651
0.97,0.8,1.252996408614167,0.7-1.4-2.6,0.005,124,0.9743461335369558,0.8780174661048337,0.509218693704118,0.030132460884915058,0.059173909476354675,1,-0.002839779694288457
0.97,0.8,1.252996408614167,0.7-1.4-2.6,0.01,7,0.8666480557860513,0.7260008384182304,0.5042186354087325,0.059408485908279296,0.11782286836765021,1,-0.012883922145464577
0.97,0.8,1.252996408614167,0.7-1.9-2.6,0.0001,103,0.9998755362420348,0.9251053551705927,0.6929928031759685,0.0012815778359073215,0.0018493378719575194,1,-3.229556733300219e-05
0.97,0.8,1.252996408614167,0.7-1.9-2.6,0.001,77,0.9497275866590773,0.8673838512090932,0.6263209590330993,0.011573665886426276,0.018478809817083962,1,-0.0005711107877716609
0.97,0.8,1.252996408614167,0.7-1.9-2.6,0.005,15,0.9858993906473434,0.9208926339216875,0.605217033888601,0.05593248084616764,0.09241722838961408,1,-0.0016011524266160392
0.97,0.8,1.252996408614167,0.7-1.9-2.6,0.01,4,0.9767490863239938,0.6736251432024393,0.5224122255001195,0.09647230903894544,0.18466702027616191,1,-0.013795309576781174
0.97,0.8,1.252996408614167,1.0-1.4-1.9,0.0001,33,0.9399884874089803,0.7477714700489365,0.6238838737888746,0.0029270969588831575,0.004691733641241225,1,-0.00012038687532672359
0.97,0.8,1.252996408614167,1.0-1.4-1.9,0.001,63,0.8797606458233292,0.6986634114671435,0.5728553494143283,0.027243463656559497,0.04755731736539158,1,-0.0014045025854322233
0.97,0.8,1.252996408614167,1.0-1.4-1.9,0.005,97,0.9726325408284975,0.7367975809143029,0.5712982940650863,0.13344713192393087,0.2335857350008604,1,-0.006065979726973151
0.97,0.8,1.252996408614167,1.0-1.4-1.9,0.01,76,0.9828800295855286,0.6032828280495309,0.5056563559292315,0.2379391979227149,0.47055514112041613,1,-0.018095951004353523
0.97,1.5,1.019803902718557,0.7-1.0-1.4,0.0001,16,0.8746905204108459,0.8325805941470511,0.6762659800967856,0.0047324399052559585,0.0069978973429635815,1,-0.0001244327969873194
0.97,1.5,1.019803902718557,0.7-1.0-1.4,0.001,16,0.9683503300801284,0.7141419806537369,0.5673669743598988,0.03946255380798891,0.06955384361684147,1,-0.0021235391493164696
0.97,1.5,1.019803902718557,0.7-1.0-1.4,0.005,105,0.925869052599558,0.7718774164770555,0.5646973938178429,0.19525056615122627,0.3457614083025309,1,-0.007944590890824155
0.97,1.5,1.019803902718557,0.7-1.0-1.4,0.01,87,0.9593027981486442,0.682043384698274,0.5893997503493259,0.40532908355627995,0.6876980916874315,1,-0.021820281969796608
0.97,1.5,1.019803902718557,0.7-1.4-2.6,0.0001,33,0.9894763734457398,0.7735799405339273,0.5058911959479119,0.0008376059656530765,0.0016557037805008945,1,-0.00018829883500886809
0.97,1.5,1.019803902718557,0.7-1.4-2.6,0.001,23,0.9400634308101481,0.6873048908608345,0.47258726817617985,0.007816125877270652,0.01653901068353964,1,-0.00259673207814358
0.97,1.5,1.019803902718557,0.7-1.4-2.6,0.005,119,0.9470855519713856,0.8533397062360725,0.5198273639803538,0.04266245289238224,0.08207042539221658,1,-0.005826940703120134
0.97,1.5,1.019803902718557,0.7-1.4-2.6,0.01,46,0.9880318669349678,0.7911354246706928,0.5640762622909965,0.09200357674064452,0.1631048545935471,1,-0.016445513561069977
0.97,1.5,1.019803902718557,0.7-1.9-2.6,0.0001,124,0.9749837322241519,0.7895993190587439,0.5985378077432586,0.0013622641509573041,0.0022759868020595353,1,-0.00013763174065129565
0.97,1.5,1.019803902718557,0.7-1.9-2.6,0.001,102,0.9930675736928111,0.8920615397919295,0.6773416057497037,0.01538100316458424,0.022707896627079397,1,-0.0007011029410484721
0.97,1.5,1.019803902718557,0.7-1.9-2.6,0.005,35,0.9619280753692929,0.872779369745492,0.5507020511696012,0.06252522245606074,0.11353729720684239,1,-0.003951773844744329
0.97,1.5,1.019803902718557,0.7-1.9-2.6,0.01,65,0.8803404697249034,0.7775298099456717,0.6089265225528054,0.1380212225737707,0.22666318096170895,1,-0.013925448608982448
0.97,1.5,1.019803902718557,1.0-1.4-1.9,0.0001,19,0.8296253521131398,0.6623555914151227,0.5533776578346792,0.0035386579052281153,0.006394652648382282,1,-0.0002698637988954412
0.97,1.5,1.019803902718557,1.0-1.4-1.9,0.001,56,0.9950099344104066,0.8803882521427026,0.7288784496554908,0.046403816730998915,0.06366468476730515,1,-0.0009428868075325924
0.97,1.5,1.019803902718557,1.0-1.4-1.9,0.005,66,0.8458316916712335,0.5806859012360214,0.494031796599424,0.15856599534865412,0.32096313727196035,1,-0.016308568060612736
0.97,1.5,1.019803902718557,1.0-1.4-1.9,0.01,40,0.9370882155298047,0.7343311572621797,0.5115359185772862,0.32412347855071866,0.6336279951800646,1,-0.018521057932817338
0.97,1.5,1.252996408614167,0.7-1.0-1.4,0.0001,97,0.8261131677460736,0.7139603406550075,0.5843478610194985,0.0040767331823371444,0.006976551903902857,1,-0.00017456570241076454
0.97,1.5,1.252996408614167,0.7-1.0-1.4,0.001,68,0.9803933083764975,0.8357191016980612,0.662479305014665,0.04601243148128553,0.06945489637637356,1,-0.0009890024994434
0.97,1.5,1.252996408614167,0.7-1.0-1.4,0.005,126,0.9104024440229322,0.816030547734387,0.6941455049540428,0.23527988826346702,0.3389489474242784,1,-0.005272877198366693
0.97,1.5,1.252996408614167,0.7-1.0-1.4,0.01,31,0.9801341647445917,0.7466679840736232,0.6116651092170172,0.41371359331307755,0.6763727194488267,1,-0.013597049651209947
0.97,1.5,1.252996408614167,0.7-1.4-2.6,0.0001,77,0.959734595712726,0.8454513383135533,0.5818365276868146,0.000962306673154556,0.0016539124433805523,1,-0.00010478694175483627
0.97,1.5,1.252996408614167,0.7-1.4-2.6,0.001,26,0.9730410374639539,0.8308725281371729,0.5779582607244174,0.009544995783762777,0.01651502614012127,1,-0.001140363635210322
0.97,1.5,1.252996408614167,0.7-1.4-2.6,0.005,37,0.99230645787131,0.5548887495001782,0.3620606478535837,0.030083295808817523,0.08308910672054899,1,-0.014878935309625897
0.97,1.5,1.252996408614167,0.7-1.4-2.6,0.01,9,0.8738246954669321,0.6604818895908237,0.4344389399434095,0.07221094176145026,0.16621654995027965,1,-0.02213078889486067
0.97,1.5,1.252996408614167,0.7-1.9-2.6,0.0001,32,0.9814301949258508,0.8243133804810424,0.6049402679887772,0.0013757009062100867,0.002274110319658219,1,-9.366599037273466e-05
0.97,1.5,1.252996408614167,0.7-1.9-2.6,0.001,63,0.9683395814672107,0.7944547729375667,0.584633148008561,0.013400082592197604,0.022920497474086744,1,-0.0010736499975531298
0.97,1.5,1.252996408614167,0.7-1.9-2.6,0.005,24,0.9143992000856707,0.8093550627035339,0.49525264278292097,0.0565683520734821,0.11422120184076862,1,-0.004901393810035959
0.97,1.5,1.252996408614167,0.7-1.9-2.6,0.01,104,0.9737413212203239,0.7756355995230587,0.6048750467679855,0.13713794452989525,0.22672111415847154,1,-0.011388224258044158
0.97,1.5,1.252996408614167,1.0-1.4-1.9,0.0001,67,0.8639130125431425,0.6761118938770727,0.5642659728603497,0.003616445237349053,0.006409114515654283,1,-0.00021020936420473727
0.97,1.5,1.252996408614167,1.0-1.4-1.9,0.001,16,0.9389883033817091,0.8768000860612983,0.7337109542828358,0.04669522353189681,0.06364253287936658,1,-0.0007911111674011552
0.97,1.5,1.252996408614167,1.0-1.4-1.9,0.005,17,0.9534930985424743,0.7457649684860257,0.6377356174796611,0.20013945949151102,0.31382826049839363,1,-0.00790644220689532
0.97,1.5,1.252996408614167,1.0-1.4-1.9,0.01,94,0.928637839802785,0.8177383519546482,0.6307902138693421,0.3919515348899222,0.6213659094132816,1,-0.010065893086367607
